row_id,source_dataset,label,display_name,split,source_relative_path,split_relative_path,original_class_folder,filename,copied
1,Stanford Dogs / ImageNet Dogs,boxer,Boxer,train,data\images\local_dataset\raw\stanford_dogs\Images\n02108089-boxer\n02108089_2360.jpg,data\images\local_dataset\splits\stanford_dogs_first_baseline\train\boxer\n02108089-boxer__n02108089_2360.jpg,data\images\local_dataset\raw\stanford_dogs\Images\n02108089-boxer,n02108089_2360.jpg,true
2,Stanford Dogs / ImageNet Dogs,boxer,Boxer,train,data\images\local_dataset\raw\stanford_dogs\Images\n02108089-boxer\n02108089_770.jpg,data\images\local_dataset\splits\stanford_dogs_first_baseline\train\boxer\n02108089-boxer__n02108089_770.jpg,data\images\local_dataset\raw\stanford_dogs\Images\n02108089-boxer,n02108089_770.jpg,true
3,Stanford Dogs / ImageNet Dogs,boxer,Boxer,train,data\images\local_dataset\raw\stanford_dogs\Images\n02108089-boxer\n02108089_395.jpg,data\images\local_dataset\splits\stanford_dogs_first_baseline\train\boxer\n02108089-boxer__n02108089_395.jpg,data\images\local_dataset\raw\stanford_dogs\Images\n02108089-boxer,n02108089_395.jpg,true
4,Stanford Dogs / ImageNet Dogs,boxer,Boxer,train,data\images\local_dataset\raw\stanford_dogs\Images\n02108089-boxer\n02108089_5423.jpg,data\images\local_dataset\splits\stanford_dogs_first_baseline\train\boxer\n02108089-boxer__n02108089_5423.jpg,data\images\local_dataset\raw\stanford_dogs\Images\n02108089-boxer,n02108089_5423.jpg,true
5,Stanford Dogs / ImageNet Dogs,boxer,Boxer,train,data\images\local_dataset\raw\stanford_dogs\Images\n02108089-boxer\n02108089_2432.jpg,data\images\local_dataset\splits\stanford_dogs_first_baseline\train\boxer\n02108089-boxer__n02108089_2432.jpg,data\images\local_dataset\raw\stanford_dogs\Images\n02108089-boxer,n02108089_2432.jpg,true
6,Stanford Dogs / ImageNet Dogs,boxer,Boxer,train,data\images\local_dataset\raw\stanford_dogs\Images\n02108089-boxer\n02108089_1418.jpg,data\images\local_dataset\splits\stanford_dogs_first_baseline\train\boxer\n02108089-boxer__n02108089_1418.jpg,data\images\local_dataset\raw\stanford_dogs\Images\n02108089-boxer,n02108089_1418.jpg,true
7,Stanford Dogs / ImageNet Dogs,boxer,Boxer,train,data\images\local_dataset\raw\stanford_dogs\Images\n02108089-boxer\n02108089_11807.jpg,data\images\local_dataset\splits\stanford_dogs_first_baseline\train\boxer\n02108089-boxer__n02108089_11807.jpg,data\images\local_dataset\raw\stanford_dogs\Images\n02108089-boxer,n02108089_11807.jpg,true
8,Stanford Dogs / ImageNet Dogs,boxer,Boxer,train,data\images\local_dataset\raw\stanford_dogs\Images\n02108089-boxer\n02108089_1357.jpg,data\images\local_dataset\splits\stanford_dogs_first_baseline\train\boxer\n02108089-boxer__n02108089_1357.jpg,data\images\local_dataset\raw\stanford_dogs\Images\n02108089-boxer,n02108089_1357.jpg,true
9,Stanford Dogs / ImageNet Dogs,boxer,Boxer,train,data\images\local_dataset\raw\stanford_dogs\Images\n02108089-boxer\n02108089_5043.jpg,data\images\local_dataset\splits\stanford_dogs_first_baseline\train\boxer\n02108089-boxer__n02108089_5043.jpg,data\images\local_dataset\raw\stanford_dogs\Images\n02108089-boxer,n02108089_5043.jpg,true
10,Stanford Dogs / ImageNet Dogs,boxer,Boxer,train,data\images\local_dataset\raw\stanford_dogs\Images\n02108089-boxer\n02108089_4076.jpg,data\images\local_dataset\splits\stanford_dogs_first_baseline\train\boxer\n02108089-boxer__n02108089_4076.jpg,data\images\local_dataset\raw\stanford_dogs\Images\n02108089-boxer,n02108089_4076.jpg,true
11,Stanford Dogs / ImageNet Dogs,boxer,Boxer,train,data\images\local_dataset\raw\stanford_dogs\Images\n02108089-boxer\n02108089_2526.jpg,data\images\local_dataset\splits\stanford_dogs_first_baseline\train\boxer\n02108089-boxer__n02108089_2526.jpg,data\images\local_dataset\raw\stanford_dogs\Images\n02108089-boxer,n02108089_2526.jpg,true
12,Stanford Dogs / ImageNet Dogs,boxer,Boxer,train,data\images\local_dataset\raw\stanford_dogs\Images\n02108089-boxer\n02108089_3258.jpg,data\images\local_dataset\splits\stanford_dogs_first_baseline\train\boxer\n02108089-boxer__n02108089_3258.jpg,data\images\local_dataset\raw\stanford_dogs\Images\n02108089-boxer,n02108089_3258.jpg,true
13,Stanford Dogs / ImageNet Dogs,boxer,Boxer,train,data\images\local_dataset\raw\stanford_dogs\Images\n02108089-boxer\n02108089_1.jpg,data\images\local_dataset\splits\stanford_dogs_first_baseline\train\boxer\n02108089-boxer__n02108089_1.jpg,data\images\local_dataset\raw\stanford_dogs\Images\n02108089-boxer,n02108089_1.jpg,true
14,Stanford Dogs / ImageNet Dogs,boxer,Boxer,train,data\images\local_dataset\raw\stanford_dogs\Images\n02108089-boxer\n02108089_9045.jpg,data\images\local_dataset\splits\stanford_dogs_first_baseline\train\boxer\n02108089-boxer__n02108089_9045.jpg,data\images\local_dataset\raw\stanford_dogs\Images\n02108089-boxer,n02108089_9045.jpg,true
15,Stanford Dogs / ImageNet Dogs,boxer,Boxer,train,data\images\local_dataset\raw\stanford_dogs\Images\n02108089-boxer\n02108089_522.jpg,data\images\local_dataset\splits\stanford_dogs_first_baseline\train\boxer\n02108089-boxer__n02108089_522.jpg,data\images\local_dataset\raw\stanford_dogs\Images\n02108089-boxer,n02108089_522.jpg,true
16,Stanford Dogs / ImageNet Dogs,boxer,Boxer,train,data\images\local_dataset\raw\stanford_dogs\Images\n02108089-boxer\n02108089_1511.jpg,data\images\local_dataset\splits\stanford_dogs_first_baseline\train\boxer\n02108089-boxer__n02108089_1511.jpg,data\images\local_dataset\raw\stanford_dogs\Images\n02108089-boxer,n02108089_1511.jpg,true
17,Stanford Dogs / ImageNet Dogs,boxer,Boxer,train,data\images\local_dataset\raw\stanford_dogs\Images\n02108089-boxer\n02108089_1626.jpg,data\images\local_dataset\splits\stanford_dogs_first_baseline\train\boxer\n02108089-boxer__n02108089_1626.jpg,data\images\local_dataset\raw\stanford_dogs\Images\n02108089-boxer,n02108089_1626.jpg,true
18,Stanford Dogs / ImageNet Dogs,boxer,Boxer,train,data\images\local_dataset\raw\stanford_dogs\Images\n02108089-boxer\n02108089_5614.jpg,data\images\local_dataset\splits\stanford_dogs_first_baseline\train\boxer\n02108089-boxer__n02108089_5614.jpg,data\images\local_dataset\raw\stanford_dogs\Images\n02108089-boxer,n02108089_5614.jpg,true
19,Stanford Dogs / ImageNet Dogs,boxer,Boxer,train,data\images\local_dataset\raw\stanford_dogs\Images\n02108089-boxer\n02108089_7319.jpg,data\images\local_dataset\splits\stanford_dogs_first_baseline\train\boxer\n02108089-boxer__n02108089_7319.jpg,data\images\local_dataset\raw\stanford_dogs\Images\n02108089-boxer,n02108089_7319.jpg,true
20,Stanford Dogs / ImageNet Dogs,boxer,Boxer,train,data\images\local_dataset\raw\stanford_dogs\Images\n02108089-boxer\n02108089_3236.jpg,data\images\local_dataset\splits\stanford_dogs_first_baseline\train\boxer\n02108089-boxer__n02108089_3236.jpg,data\images\local_dataset\raw\stanford_dogs\Images\n02108089-boxer,n02108089_3236.jpg,true
21,Stanford Dogs / ImageNet Dogs,boxer,Boxer,train,data\images\local_dataset\raw\stanford_dogs\Images\n02108089-boxer\n02108089_10229.jpg,data\images\local_dataset\splits\stanford_dogs_first_baseline\train\boxer\n02108089-boxer__n02108089_10229.jpg,data\images\local_dataset\raw\stanford_dogs\Images\n02108089-boxer,n02108089_10229.jpg,true
22,Stanford Dogs / ImageNet Dogs,boxer,Boxer,train,data\images\local_dataset\raw\stanford_dogs\Images\n02108089-boxer\n02108089_6008.jpg,data\images\local_dataset\splits\stanford_dogs_first_baseline\train\boxer\n02108089-boxer__n02108089_6008.jpg,data\images\local_dataset\raw\stanford_dogs\Images\n02108089-boxer,n02108089_6008.jpg,true
23,Stanford Dogs / ImageNet Dogs,boxer,Boxer,train,data\images\local_dataset\raw\stanford_dogs\Images\n02108089-boxer\n02108089_1690.jpg,data\images\local_dataset\splits\stanford_dogs_first_baseline\train\boxer\n02108089-boxer__n02108089_1690.jpg,data\images\local_dataset\raw\stanford_dogs\Images\n02108089-boxer,n02108089_1690.jpg,true
24,Stanford Dogs / ImageNet Dogs,boxer,Boxer,train,data\images\local_dataset\raw\stanford_dogs\Images\n02108089-boxer\n02108089_2718.jpg,data\images\local_dataset\splits\stanford_dogs_first_baseline\train\boxer\n02108089-boxer__n02108089_2718.jpg,data\images\local_dataset\raw\stanford_dogs\Images\n02108089-boxer,n02108089_2718.jpg,true
25,Stanford Dogs / ImageNet Dogs,boxer,Boxer,train,data\images\local_dataset\raw\stanford_dogs\Images\n02108089-boxer\n02108089_4989.jpg,data\images\local_dataset\splits\stanford_dogs_first_baseline\train\boxer\n02108089-boxer__n02108089_4989.jpg,data\images\local_dataset\raw\stanford_dogs\Images\n02108089-boxer,n02108089_4989.jpg,true
26,Stanford Dogs / ImageNet Dogs,boxer,Boxer,train,data\images\local_dataset\raw\stanford_dogs\Images\n02108089-boxer\n02108089_6295.jpg,data\images\local_dataset\splits\stanford_dogs_first_baseline\train\boxer\n02108089-boxer__n02108089_6295.jpg,data\images\local_dataset\raw\stanford_dogs\Images\n02108089-boxer,n02108089_6295.jpg,true
27,Stanford Dogs / ImageNet Dogs,boxer,Boxer,train,data\images\local_dataset\raw\stanford_dogs\Images\n02108089-boxer\n02108089_2953.jpg,data\images\local_dataset\splits\stanford_dogs_first_baseline\train\boxer\n02108089-boxer__n02108089_2953.jpg,data\images\local_dataset\raw\stanford_dogs\Images\n02108089-boxer,n02108089_2953.jpg,true
28,Stanford Dogs / ImageNet Dogs,boxer,Boxer,train,data\images\local_dataset\raw\stanford_dogs\Images\n02108089-boxer\n02108089_1031.jpg,data\images\local_dataset\splits\stanford_dogs_first_baseline\train\boxer\n02108089-boxer__n02108089_1031.jpg,data\images\local_dataset\raw\stanford_dogs\Images\n02108089-boxer,n02108089_1031.jpg,true
29,Stanford Dogs / ImageNet Dogs,boxer,Boxer,train,data\images\local_dataset\raw\stanford_dogs\Images\n02108089-boxer\n02108089_14659.jpg,data\images\local_dataset\splits\stanford_dogs_first_baseline\train\boxer\n02108089-boxer__n02108089_14659.jpg,data\images\local_dataset\raw\stanford_dogs\Images\n02108089-boxer,n02108089_14659.jpg,true
30,Stanford Dogs / ImageNet Dogs,boxer,Boxer,train,data\images\local_dataset\raw\stanford_dogs\Images\n02108089-boxer\n02108089_6583.jpg,data\images\local_dataset\splits\stanford_dogs_first_baseline\train\boxer\n02108089-boxer__n02108089_6583.jpg,data\images\local_dataset\raw\stanford_dogs\Images\n02108089-boxer,n02108089_6583.jpg,true
31,Stanford Dogs / ImageNet Dogs,boxer,Boxer,train,data\images\local_dataset\raw\stanford_dogs\Images\n02108089-boxer\n02108089_3557.jpg,data\images\local_dataset\splits\stanford_dogs_first_baseline\train\boxer\n02108089-boxer__n02108089_3557.jpg,data\images\local_dataset\raw\stanford_dogs\Images\n02108089-boxer,n02108089_3557.jpg,true
32,Stanford Dogs / ImageNet Dogs,boxer,Boxer,train,data\images\local_dataset\raw\stanford_dogs\Images\n02108089-boxer\n02108089_3400.jpg,data\images\local_dataset\splits\stanford_dogs_first_baseline\train\boxer\n02108089-boxer__n02108089_3400.jpg,data\images\local_dataset\raw\stanford_dogs\Images\n02108089-boxer,n02108089_3400.jpg,true
33,Stanford Dogs / ImageNet Dogs,boxer,Boxer,train,data\images\local_dataset\raw\stanford_dogs\Images\n02108089-boxer\n02108089_959.jpg,data\images\local_dataset\splits\stanford_dogs_first_baseline\train\boxer\n02108089-boxer__n02108089_959.jpg,data\images\local_dataset\raw\stanford_dogs\Images\n02108089-boxer,n02108089_959.jpg,true
34,Stanford Dogs / ImageNet Dogs,boxer,Boxer,train,data\images\local_dataset\raw\stanford_dogs\Images\n02108089-boxer\n02108089_13738.jpg,data\images\local_dataset\splits\stanford_dogs_first_baseline\train\boxer\n02108089-boxer__n02108089_13738.jpg,data\images\local_dataset\raw\stanford_dogs\Images\n02108089-boxer,n02108089_13738.jpg,true
35,Stanford Dogs / ImageNet Dogs,boxer,Boxer,train,data\images\local_dataset\raw\stanford_dogs\Images\n02108089-boxer\n02108089_813.jpg,data\images\local_dataset\splits\stanford_dogs_first_baseline\train\boxer\n02108089-boxer__n02108089_813.jpg,data\images\local_dataset\raw\stanford_dogs\Images\n02108089-boxer,n02108089_813.jpg,true
36,Stanford Dogs / ImageNet Dogs,boxer,Boxer,train,data\images\local_dataset\raw\stanford_dogs\Images\n02108089-boxer\n02108089_1159.jpg,data\images\local_dataset\splits\stanford_dogs_first_baseline\train\boxer\n02108089-boxer__n02108089_1159.jpg,data\images\local_dataset\raw\stanford_dogs\Images\n02108089-boxer,n02108089_1159.jpg,true
37,Stanford Dogs / ImageNet Dogs,boxer,Boxer,train,data\images\local_dataset\raw\stanford_dogs\Images\n02108089-boxer\n02108089_836.jpg,data\images\local_dataset\splits\stanford_dogs_first_baseline\train\boxer\n02108089-boxer__n02108089_836.jpg,data\images\local_dataset\raw\stanford_dogs\Images\n02108089-boxer,n02108089_836.jpg,true
38,Stanford Dogs / ImageNet Dogs,boxer,Boxer,train,data\images\local_dataset\raw\stanford_dogs\Images\n02108089-boxer\n02108089_7456.jpg,data\images\local_dataset\splits\stanford_dogs_first_baseline\train\boxer\n02108089-boxer__n02108089_7456.jpg,data\images\local_dataset\raw\stanford_dogs\Images\n02108089-boxer,n02108089_7456.jpg,true
39,Stanford Dogs / ImageNet Dogs,boxer,Boxer,train,data\images\local_dataset\raw\stanford_dogs\Images\n02108089-boxer\n02108089_6429.jpg,data\images\local_dataset\splits\stanford_dogs_first_baseline\train\boxer\n02108089-boxer__n02108089_6429.jpg,data\images\local_dataset\raw\stanford_dogs\Images\n02108089-boxer,n02108089_6429.jpg,true
40,Stanford Dogs / ImageNet Dogs,boxer,Boxer,train,data\images\local_dataset\raw\stanford_dogs\Images\n02108089-boxer\n02108089_5977.jpg,data\images\local_dataset\splits\stanford_dogs_first_baseline\train\boxer\n02108089-boxer__n02108089_5977.jpg,data\images\local_dataset\raw\stanford_dogs\Images\n02108089-boxer,n02108089_5977.jpg,true
41,Stanford Dogs / ImageNet Dogs,boxer,Boxer,train,data\images\local_dataset\raw\stanford_dogs\Images\n02108089-boxer\n02108089_6418.jpg,data\images\local_dataset\splits\stanford_dogs_first_baseline\train\boxer\n02108089-boxer__n02108089_6418.jpg,data\images\local_dataset\raw\stanford_dogs\Images\n02108089-boxer,n02108089_6418.jpg,true
42,Stanford Dogs / ImageNet Dogs,boxer,Boxer,train,data\images\local_dataset\raw\stanford_dogs\Images\n02108089-boxer\n02108089_2917.jpg,data\images\local_dataset\splits\stanford_dogs_first_baseline\train\boxer\n02108089-boxer__n02108089_2917.jpg,data\images\local_dataset\raw\stanford_dogs\Images\n02108089-boxer,n02108089_2917.jpg,true
43,Stanford Dogs / ImageNet Dogs,boxer,Boxer,train,data\images\local_dataset\raw\stanford_dogs\Images\n02108089-boxer\n02108089_3669.jpg,data\images\local_dataset\splits\stanford_dogs_first_baseline\train\boxer\n02108089-boxer__n02108089_3669.jpg,data\images\local_dataset\raw\stanford_dogs\Images\n02108089-boxer,n02108089_3669.jpg,true
44,Stanford Dogs / ImageNet Dogs,boxer,Boxer,train,data\images\local_dataset\raw\stanford_dogs\Images\n02108089-boxer\n02108089_3395.jpg,data\images\local_dataset\splits\stanford_dogs_first_baseline\train\boxer\n02108089-boxer__n02108089_3395.jpg,data\images\local_dataset\raw\stanford_dogs\Images\n02108089-boxer,n02108089_3395.jpg,true
45,Stanford Dogs / ImageNet Dogs,boxer,Boxer,train,data\images\local_dataset\raw\stanford_dogs\Images\n02108089-boxer\n02108089_4440.jpg,data\images\local_dataset\splits\stanford_dogs_first_baseline\train\boxer\n02108089-boxer__n02108089_4440.jpg,data\images\local_dataset\raw\stanford_dogs\Images\n02108089-boxer,n02108089_4440.jpg,true
46,Stanford Dogs / ImageNet Dogs,boxer,Boxer,train,data\images\local_dataset\raw\stanford_dogs\Images\n02108089-boxer\n02108089_7431.jpg,data\images\local_dataset\splits\stanford_dogs_first_baseline\train\boxer\n02108089-boxer__n02108089_7431.jpg,data\images\local_dataset\raw\stanford_dogs\Images\n02108089-boxer,n02108089_7431.jpg,true
47,Stanford Dogs / ImageNet Dogs,boxer,Boxer,train,data\images\local_dataset\raw\stanford_dogs\Images\n02108089-boxer\n02108089_11687.jpg,data\images\local_dataset\splits\stanford_dogs_first_baseline\train\boxer\n02108089-boxer__n02108089_11687.jpg,data\images\local_dataset\raw\stanford_dogs\Images\n02108089-boxer,n02108089_11687.jpg,true
48,Stanford Dogs / ImageNet Dogs,boxer,Boxer,train,data\images\local_dataset\raw\stanford_dogs\Images\n02108089-boxer\n02108089_2723.jpg,data\images\local_dataset\splits\stanford_dogs_first_baseline\train\boxer\n02108089-boxer__n02108089_2723.jpg,data\images\local_dataset\raw\stanford_dogs\Images\n02108089-boxer,n02108089_2723.jpg,true
49,Stanford Dogs / ImageNet Dogs,boxer,Boxer,train,data\images\local_dataset\raw\stanford_dogs\Images\n02108089-boxer\n02108089_2355.jpg,data\images\local_dataset\splits\stanford_dogs_first_baseline\train\boxer\n02108089-boxer__n02108089_2355.jpg,data\images\local_dataset\raw\stanford_dogs\Images\n02108089-boxer,n02108089_2355.jpg,true
50,Stanford Dogs / ImageNet Dogs,boxer,Boxer,train,data\images\local_dataset\raw\stanford_dogs\Images\n02108089-boxer\n02108089_1675.jpg,data\images\local_dataset\splits\stanford_dogs_first_baseline\train\boxer\n02108089-boxer__n02108089_1675.jpg,data\images\local_dataset\raw\stanford_dogs\Images\n02108089-boxer,n02108089_1675.jpg,true
51,Stanford Dogs / ImageNet Dogs,boxer,Boxer,train,data\images\local_dataset\raw\stanford_dogs\Images\n02108089-boxer\n02108089_200.jpg,data\images\local_dataset\splits\stanford_dogs_first_baseline\train\boxer\n02108089-boxer__n02108089_200.jpg,data\images\local_dataset\raw\stanford_dogs\Images\n02108089-boxer,n02108089_200.jpg,true
52,Stanford Dogs / ImageNet Dogs,boxer,Boxer,train,data\images\local_dataset\raw\stanford_dogs\Images\n02108089-boxer\n02108089_2670.jpg,data\images\local_dataset\splits\stanford_dogs_first_baseline\train\boxer\n02108089-boxer__n02108089_2670.jpg,data\images\local_dataset\raw\stanford_dogs\Images\n02108089-boxer,n02108089_2670.jpg,true
53,Stanford Dogs / ImageNet Dogs,boxer,Boxer,train,data\images\local_dataset\raw\stanford_dogs\Images\n02108089-boxer\n02108089_2367.jpg,data\images\local_dataset\splits\stanford_dogs_first_baseline\train\boxer\n02108089-boxer__n02108089_2367.jpg,data\images\local_dataset\raw\stanford_dogs\Images\n02108089-boxer,n02108089_2367.jpg,true
54,Stanford Dogs / ImageNet Dogs,boxer,Boxer,train,data\images\local_dataset\raw\stanford_dogs\Images\n02108089-boxer\n02108089_931.jpg,data\images\local_dataset\splits\stanford_dogs_first_baseline\train\boxer\n02108089-boxer__n02108089_931.jpg,data\images\local_dataset\raw\stanford_dogs\Images\n02108089-boxer,n02108089_931.jpg,true
55,Stanford Dogs / ImageNet Dogs,boxer,Boxer,train,data\images\local_dataset\raw\stanford_dogs\Images\n02108089-boxer\n02108089_2007.jpg,data\images\local_dataset\splits\stanford_dogs_first_baseline\train\boxer\n02108089-boxer__n02108089_2007.jpg,data\images\local_dataset\raw\stanford_dogs\Images\n02108089-boxer,n02108089_2007.jpg,true
56,Stanford Dogs / ImageNet Dogs,boxer,Boxer,train,data\images\local_dataset\raw\stanford_dogs\Images\n02108089-boxer\n02108089_2791.jpg,data\images\local_dataset\splits\stanford_dogs_first_baseline\train\boxer\n02108089-boxer__n02108089_2791.jpg,data\images\local_dataset\raw\stanford_dogs\Images\n02108089-boxer,n02108089_2791.jpg,true
57,Stanford Dogs / ImageNet Dogs,boxer,Boxer,validation,data\images\local_dataset\raw\stanford_dogs\Images\n02108089-boxer\n02108089_1410.jpg,data\images\local_dataset\splits\stanford_dogs_first_baseline\validation\boxer\n02108089-boxer__n02108089_1410.jpg,data\images\local_dataset\raw\stanford_dogs\Images\n02108089-boxer,n02108089_1410.jpg,true
58,Stanford Dogs / ImageNet Dogs,boxer,Boxer,validation,data\images\local_dataset\raw\stanford_dogs\Images\n02108089-boxer\n02108089_5599.jpg,data\images\local_dataset\splits\stanford_dogs_first_baseline\validation\boxer\n02108089-boxer__n02108089_5599.jpg,data\images\local_dataset\raw\stanford_dogs\Images\n02108089-boxer,n02108089_5599.jpg,true
59,Stanford Dogs / ImageNet Dogs,boxer,Boxer,validation,data\images\local_dataset\raw\stanford_dogs\Images\n02108089-boxer\n02108089_2106.jpg,data\images\local_dataset\splits\stanford_dogs_first_baseline\validation\boxer\n02108089-boxer__n02108089_2106.jpg,data\images\local_dataset\raw\stanford_dogs\Images\n02108089-boxer,n02108089_2106.jpg,true
60,Stanford Dogs / ImageNet Dogs,boxer,Boxer,validation,data\images\local_dataset\raw\stanford_dogs\Images\n02108089-boxer\n02108089_117.jpg,data\images\local_dataset\splits\stanford_dogs_first_baseline\validation\boxer\n02108089-boxer__n02108089_117.jpg,data\images\local_dataset\raw\stanford_dogs\Images\n02108089-boxer,n02108089_117.jpg,true
61,Stanford Dogs / ImageNet Dogs,boxer,Boxer,validation,data\images\local_dataset\raw\stanford_dogs\Images\n02108089-boxer\n02108089_12827.jpg,data\images\local_dataset\splits\stanford_dogs_first_baseline\validation\boxer\n02108089-boxer__n02108089_12827.jpg,data\images\local_dataset\raw\stanford_dogs\Images\n02108089-boxer,n02108089_12827.jpg,true
62,Stanford Dogs / ImageNet Dogs,boxer,Boxer,validation,data\images\local_dataset\raw\stanford_dogs\Images\n02108089-boxer\n02108089_78.jpg,data\images\local_dataset\splits\stanford_dogs_first_baseline\validation\boxer\n02108089-boxer__n02108089_78.jpg,data\images\local_dataset\raw\stanford_dogs\Images\n02108089-boxer,n02108089_78.jpg,true
63,Stanford Dogs / ImageNet Dogs,boxer,Boxer,validation,data\images\local_dataset\raw\stanford_dogs\Images\n02108089-boxer\n02108089_1672.jpg,data\images\local_dataset\splits\stanford_dogs_first_baseline\validation\boxer\n02108089-boxer__n02108089_1672.jpg,data\images\local_dataset\raw\stanford_dogs\Images\n02108089-boxer,n02108089_1672.jpg,true
64,Stanford Dogs / ImageNet Dogs,boxer,Boxer,validation,data\images\local_dataset\raw\stanford_dogs\Images\n02108089-boxer\n02108089_1072.jpg,data\images\local_dataset\splits\stanford_dogs_first_baseline\validation\boxer\n02108089-boxer__n02108089_1072.jpg,data\images\local_dataset\raw\stanford_dogs\Images\n02108089-boxer,n02108089_1072.jpg,true
65,Stanford Dogs / ImageNet Dogs,boxer,Boxer,validation,data\images\local_dataset\raw\stanford_dogs\Images\n02108089-boxer\n02108089_3248.jpg,data\images\local_dataset\splits\stanford_dogs_first_baseline\validation\boxer\n02108089-boxer__n02108089_3248.jpg,data\images\local_dataset\raw\stanford_dogs\Images\n02108089-boxer,n02108089_3248.jpg,true
66,Stanford Dogs / ImageNet Dogs,boxer,Boxer,validation,data\images\local_dataset\raw\stanford_dogs\Images\n02108089-boxer\n02108089_9076.jpg,data\images\local_dataset\splits\stanford_dogs_first_baseline\validation\boxer\n02108089-boxer__n02108089_9076.jpg,data\images\local_dataset\raw\stanford_dogs\Images\n02108089-boxer,n02108089_9076.jpg,true
67,Stanford Dogs / ImageNet Dogs,boxer,Boxer,validation,data\images\local_dataset\raw\stanford_dogs\Images\n02108089-boxer\n02108089_149.jpg,data\images\local_dataset\splits\stanford_dogs_first_baseline\validation\boxer\n02108089-boxer__n02108089_149.jpg,data\images\local_dataset\raw\stanford_dogs\Images\n02108089-boxer,n02108089_149.jpg,true
68,Stanford Dogs / ImageNet Dogs,boxer,Boxer,validation,data\images\local_dataset\raw\stanford_dogs\Images\n02108089-boxer\n02108089_995.jpg,data\images\local_dataset\splits\stanford_dogs_first_baseline\validation\boxer\n02108089-boxer__n02108089_995.jpg,data\images\local_dataset\raw\stanford_dogs\Images\n02108089-boxer,n02108089_995.jpg,true
69,Stanford Dogs / ImageNet Dogs,boxer,Boxer,test,data\images\local_dataset\raw\stanford_dogs\Images\n02108089-boxer\n02108089_2740.jpg,data\images\local_dataset\splits\stanford_dogs_first_baseline\test\boxer\n02108089-boxer__n02108089_2740.jpg,data\images\local_dataset\raw\stanford_dogs\Images\n02108089-boxer,n02108089_2740.jpg,true
70,Stanford Dogs / ImageNet Dogs,boxer,Boxer,test,data\images\local_dataset\raw\stanford_dogs\Images\n02108089-boxer\n02108089_3162.jpg,data\images\local_dataset\splits\stanford_dogs_first_baseline\test\boxer\n02108089-boxer__n02108089_3162.jpg,data\images\local_dataset\raw\stanford_dogs\Images\n02108089-boxer,n02108089_3162.jpg,true
71,Stanford Dogs / ImageNet Dogs,boxer,Boxer,test,data\images\local_dataset\raw\stanford_dogs\Images\n02108089-boxer\n02108089_7853.jpg,data\images\local_dataset\splits\stanford_dogs_first_baseline\test\boxer\n02108089-boxer__n02108089_7853.jpg,data\images\local_dataset\raw\stanford_dogs\Images\n02108089-boxer,n02108089_7853.jpg,true
72,Stanford Dogs / ImageNet Dogs,boxer,Boxer,test,data\images\local_dataset\raw\stanford_dogs\Images\n02108089-boxer\n02108089_4002.jpg,data\images\local_dataset\splits\stanford_dogs_first_baseline\test\boxer\n02108089-boxer__n02108089_4002.jpg,data\images\local_dataset\raw\stanford_dogs\Images\n02108089-boxer,n02108089_4002.jpg,true
73,Stanford Dogs / ImageNet Dogs,boxer,Boxer,test,data\images\local_dataset\raw\stanford_dogs\Images\n02108089-boxer\n02108089_1367.jpg,data\images\local_dataset\splits\stanford_dogs_first_baseline\test\boxer\n02108089-boxer__n02108089_1367.jpg,data\images\local_dataset\raw\stanford_dogs\Images\n02108089-boxer,n02108089_1367.jpg,true
74,Stanford Dogs / ImageNet Dogs,boxer,Boxer,test,data\images\local_dataset\raw\stanford_dogs\Images\n02108089-boxer\n02108089_4486.jpg,data\images\local_dataset\splits\stanford_dogs_first_baseline\test\boxer\n02108089-boxer__n02108089_4486.jpg,data\images\local_dataset\raw\stanford_dogs\Images\n02108089-boxer,n02108089_4486.jpg,true
75,Stanford Dogs / ImageNet Dogs,boxer,Boxer,test,data\images\local_dataset\raw\stanford_dogs\Images\n02108089-boxer\n02108089_12232.jpg,data\images\local_dataset\splits\stanford_dogs_first_baseline\test\boxer\n02108089-boxer__n02108089_12232.jpg,data\images\local_dataset\raw\stanford_dogs\Images\n02108089-boxer,n02108089_12232.jpg,true
76,Stanford Dogs / ImageNet Dogs,boxer,Boxer,test,data\images\local_dataset\raw\stanford_dogs\Images\n02108089-boxer\n02108089_11032.jpg,data\images\local_dataset\splits\stanford_dogs_first_baseline\test\boxer\n02108089-boxer__n02108089_11032.jpg,data\images\local_dataset\raw\stanford_dogs\Images\n02108089-boxer,n02108089_11032.jpg,true
77,Stanford Dogs / ImageNet Dogs,boxer,Boxer,test,data\images\local_dataset\raw\stanford_dogs\Images\n02108089-boxer\n02108089_13898.jpg,data\images\local_dataset\splits\stanford_dogs_first_baseline\test\boxer\n02108089-boxer__n02108089_13898.jpg,data\images\local_dataset\raw\stanford_dogs\Images\n02108089-boxer,n02108089_13898.jpg,true
78,Stanford Dogs / ImageNet Dogs,boxer,Boxer,test,data\images\local_dataset\raw\stanford_dogs\Images\n02108089-boxer\n02108089_922.jpg,data\images\local_dataset\splits\stanford_dogs_first_baseline\test\boxer\n02108089-boxer__n02108089_922.jpg,data\images\local_dataset\raw\stanford_dogs\Images\n02108089-boxer,n02108089_922.jpg,true
79,Stanford Dogs / ImageNet Dogs,boxer,Boxer,test,data\images\local_dataset\raw\stanford_dogs\Images\n02108089-boxer\n02108089_7259.jpg,data\images\local_dataset\splits\stanford_dogs_first_baseline\test\boxer\n02108089-boxer__n02108089_7259.jpg,data\images\local_dataset\raw\stanford_dogs\Images\n02108089-boxer,n02108089_7259.jpg,true
80,Stanford Dogs / ImageNet Dogs,boxer,Boxer,test,data\images\local_dataset\raw\stanford_dogs\Images\n02108089-boxer\n02108089_1575.jpg,data\images\local_dataset\splits\stanford_dogs_first_baseline\test\boxer\n02108089-boxer__n02108089_1575.jpg,data\images\local_dataset\raw\stanford_dogs\Images\n02108089-boxer,n02108089_1575.jpg,true
81,Stanford Dogs / ImageNet Dogs,bullmastiff,Bullmastiff,train,data\images\local_dataset\raw\stanford_dogs\Images\n02108422-bull_mastiff\n02108422_5563.jpg,data\images\local_dataset\splits\stanford_dogs_first_baseline\train\bullmastiff\n02108422-bull_mastiff__n02108422_5563.jpg,data\images\local_dataset\raw\stanford_dogs\Images\n02108422-bull_mastiff,n02108422_5563.jpg,true
82,Stanford Dogs / ImageNet Dogs,bullmastiff,Bullmastiff,train,data\images\local_dataset\raw\stanford_dogs\Images\n02108422-bull_mastiff\n02108422_1445.jpg,data\images\local_dataset\splits\stanford_dogs_first_baseline\train\bullmastiff\n02108422-bull_mastiff__n02108422_1445.jpg,data\images\local_dataset\raw\stanford_dogs\Images\n02108422-bull_mastiff,n02108422_1445.jpg,true
83,Stanford Dogs / ImageNet Dogs,bullmastiff,Bullmastiff,train,data\images\local_dataset\raw\stanford_dogs\Images\n02108422-bull_mastiff\n02108422_2290.jpg,data\images\local_dataset\splits\stanford_dogs_first_baseline\train\bullmastiff\n02108422-bull_mastiff__n02108422_2290.jpg,data\images\local_dataset\raw\stanford_dogs\Images\n02108422-bull_mastiff,n02108422_2290.jpg,true
84,Stanford Dogs / ImageNet Dogs,bullmastiff,Bullmastiff,train,data\images\local_dataset\raw\stanford_dogs\Images\n02108422-bull_mastiff\n02108422_1836.jpg,data\images\local_dataset\splits\stanford_dogs_first_baseline\train\bullmastiff\n02108422-bull_mastiff__n02108422_1836.jpg,data\images\local_dataset\raw\stanford_dogs\Images\n02108422-bull_mastiff,n02108422_1836.jpg,true
85,Stanford Dogs / ImageNet Dogs,bullmastiff,Bullmastiff,train,data\images\local_dataset\raw\stanford_dogs\Images\n02108422-bull_mastiff\n02108422_4945.jpg,data\images\local_dataset\splits\stanford_dogs_first_baseline\train\bullmastiff\n02108422-bull_mastiff__n02108422_4945.jpg,data\images\local_dataset\raw\stanford_dogs\Images\n02108422-bull_mastiff,n02108422_4945.jpg,true
86,Stanford Dogs / ImageNet Dogs,bullmastiff,Bullmastiff,train,data\images\local_dataset\raw\stanford_dogs\Images\n02108422-bull_mastiff\n02108422_683.jpg,data\images\local_dataset\splits\stanford_dogs_first_baseline\train\bullmastiff\n02108422-bull_mastiff__n02108422_683.jpg,data\images\local_dataset\raw\stanford_dogs\Images\n02108422-bull_mastiff,n02108422_683.jpg,true
87,Stanford Dogs / ImageNet Dogs,bullmastiff,Bullmastiff,train,data\images\local_dataset\raw\stanford_dogs\Images\n02108422-bull_mastiff\n02108422_56.jpg,data\images\local_dataset\splits\stanford_dogs_first_baseline\train\bullmastiff\n02108422-bull_mastiff__n02108422_56.jpg,data\images\local_dataset\raw\stanford_dogs\Images\n02108422-bull_mastiff,n02108422_56.jpg,true
88,Stanford Dogs / ImageNet Dogs,bullmastiff,Bullmastiff,train,data\images\local_dataset\raw\stanford_dogs\Images\n02108422-bull_mastiff\n02108422_3985.jpg,data\images\local_dataset\splits\stanford_dogs_first_baseline\train\bullmastiff\n02108422-bull_mastiff__n02108422_3985.jpg,data\images\local_dataset\raw\stanford_dogs\Images\n02108422-bull_mastiff,n02108422_3985.jpg,true
89,Stanford Dogs / ImageNet Dogs,bullmastiff,Bullmastiff,train,data\images\local_dataset\raw\stanford_dogs\Images\n02108422-bull_mastiff\n02108422_1923.jpg,data\images\local_dataset\splits\stanford_dogs_first_baseline\train\bullmastiff\n02108422-bull_mastiff__n02108422_1923.jpg,data\images\local_dataset\raw\stanford_dogs\Images\n02108422-bull_mastiff,n02108422_1923.jpg,true
90,Stanford Dogs / ImageNet Dogs,bullmastiff,Bullmastiff,train,data\images\local_dataset\raw\stanford_dogs\Images\n02108422-bull_mastiff\n02108422_1889.jpg,data\images\local_dataset\splits\stanford_dogs_first_baseline\train\bullmastiff\n02108422-bull_mastiff__n02108422_1889.jpg,data\images\local_dataset\raw\stanford_dogs\Images\n02108422-bull_mastiff,n02108422_1889.jpg,true
91,Stanford Dogs / ImageNet Dogs,bullmastiff,Bullmastiff,train,data\images\local_dataset\raw\stanford_dogs\Images\n02108422-bull_mastiff\n02108422_2203.jpg,data\images\local_dataset\splits\stanford_dogs_first_baseline\train\bullmastiff\n02108422-bull_mastiff__n02108422_2203.jpg,data\images\local_dataset\raw\stanford_dogs\Images\n02108422-bull_mastiff,n02108422_2203.jpg,true
92,Stanford Dogs / ImageNet Dogs,bullmastiff,Bullmastiff,train,data\images\local_dataset\raw\stanford_dogs\Images\n02108422-bull_mastiff\n02108422_2123.jpg,data\images\local_dataset\splits\stanford_dogs_first_baseline\train\bullmastiff\n02108422-bull_mastiff__n02108422_2123.jpg,data\images\local_dataset\raw\stanford_dogs\Images\n02108422-bull_mastiff,n02108422_2123.jpg,true
93,Stanford Dogs / ImageNet Dogs,bullmastiff,Bullmastiff,train,data\images\local_dataset\raw\stanford_dogs\Images\n02108422-bull_mastiff\n02108422_852.jpg,data\images\local_dataset\splits\stanford_dogs_first_baseline\train\bullmastiff\n02108422-bull_mastiff__n02108422_852.jpg,data\images\local_dataset\raw\stanford_dogs\Images\n02108422-bull_mastiff,n02108422_852.jpg,true
94,Stanford Dogs / ImageNet Dogs,bullmastiff,Bullmastiff,train,data\images\local_dataset\raw\stanford_dogs\Images\n02108422-bull_mastiff\n02108422_612.jpg,data\images\local_dataset\splits\stanford_dogs_first_baseline\train\bullmastiff\n02108422-bull_mastiff__n02108422_612.jpg,data\images\local_dataset\raw\stanford_dogs\Images\n02108422-bull_mastiff,n02108422_612.jpg,true
95,Stanford Dogs / ImageNet Dogs,bullmastiff,Bullmastiff,train,data\images\local_dataset\raw\stanford_dogs\Images\n02108422-bull_mastiff\n02108422_5619.jpg,data\images\local_dataset\splits\stanford_dogs_first_baseline\train\bullmastiff\n02108422-bull_mastiff__n02108422_5619.jpg,data\images\local_dataset\raw\stanford_dogs\Images\n02108422-bull_mastiff,n02108422_5619.jpg,true
96,Stanford Dogs / ImageNet Dogs,bullmastiff,Bullmastiff,train,data\images\local_dataset\raw\stanford_dogs\Images\n02108422-bull_mastiff\n02108422_4396.jpg,data\images\local_dataset\splits\stanford_dogs_first_baseline\train\bullmastiff\n02108422-bull_mastiff__n02108422_4396.jpg,data\images\local_dataset\raw\stanford_dogs\Images\n02108422-bull_mastiff,n02108422_4396.jpg,true
97,Stanford Dogs / ImageNet Dogs,bullmastiff,Bullmastiff,train,data\images\local_dataset\raw\stanford_dogs\Images\n02108422-bull_mastiff\n02108422_1701.jpg,data\images\local_dataset\splits\stanford_dogs_first_baseline\train\bullmastiff\n02108422-bull_mastiff__n02108422_1701.jpg,data\images\local_dataset\raw\stanford_dogs\Images\n02108422-bull_mastiff,n02108422_1701.jpg,true
98,Stanford Dogs / ImageNet Dogs,bullmastiff,Bullmastiff,train,data\images\local_dataset\raw\stanford_dogs\Images\n02108422-bull_mastiff\n02108422_5444.jpg,data\images\local_dataset\splits\stanford_dogs_first_baseline\train\bullmastiff\n02108422-bull_mastiff__n02108422_5444.jpg,data\images\local_dataset\raw\stanford_dogs\Images\n02108422-bull_mastiff,n02108422_5444.jpg,true
99,Stanford Dogs / ImageNet Dogs,bullmastiff,Bullmastiff,train,data\images\local_dataset\raw\stanford_dogs\Images\n02108422-bull_mastiff\n02108422_822.jpg,data\images\local_dataset\splits\stanford_dogs_first_baseline\train\bullmastiff\n02108422-bull_mastiff__n02108422_822.jpg,data\images\local_dataset\raw\stanford_dogs\Images\n02108422-bull_mastiff,n02108422_822.jpg,true
100,Stanford Dogs / ImageNet Dogs,bullmastiff,Bullmastiff,train,data\images\local_dataset\raw\stanford_dogs\Images\n02108422-bull_mastiff\n02108422_568.jpg,data\images\local_dataset\splits\stanford_dogs_first_baseline\train\bullmastiff\n02108422-bull_mastiff__n02108422_568.jpg,data\images\local_dataset\raw\stanford_dogs\Images\n02108422-bull_mastiff,n02108422_568.jpg,true
101,Stanford Dogs / ImageNet Dogs,bullmastiff,Bullmastiff,train,data\images\local_dataset\raw\stanford_dogs\Images\n02108422-bull_mastiff\n02108422_1016.jpg,data\images\local_dataset\splits\stanford_dogs_first_baseline\train\bullmastiff\n02108422-bull_mastiff__n02108422_1016.jpg,data\images\local_dataset\raw\stanford_dogs\Images\n02108422-bull_mastiff,n02108422_1016.jpg,true
102,Stanford Dogs / ImageNet Dogs,bullmastiff,Bullmastiff,train,data\images\local_dataset\raw\stanford_dogs\Images\n02108422-bull_mastiff\n02108422_4637.jpg,data\images\local_dataset\splits\stanford_dogs_first_baseline\train\bullmastiff\n02108422-bull_mastiff__n02108422_4637.jpg,data\images\local_dataset\raw\stanford_dogs\Images\n02108422-bull_mastiff,n02108422_4637.jpg,true
103,Stanford Dogs / ImageNet Dogs,bullmastiff,Bullmastiff,train,data\images\local_dataset\raw\stanford_dogs\Images\n02108422-bull_mastiff\n02108422_3184.jpg,data\images\local_dataset\splits\stanford_dogs_first_baseline\train\bullmastiff\n02108422-bull_mastiff__n02108422_3184.jpg,data\images\local_dataset\raw\stanford_dogs\Images\n02108422-bull_mastiff,n02108422_3184.jpg,true
104,Stanford Dogs / ImageNet Dogs,bullmastiff,Bullmastiff,train,data\images\local_dataset\raw\stanford_dogs\Images\n02108422-bull_mastiff\n02108422_4869.jpg,data\images\local_dataset\splits\stanford_dogs_first_baseline\train\bullmastiff\n02108422-bull_mastiff__n02108422_4869.jpg,data\images\local_dataset\raw\stanford_dogs\Images\n02108422-bull_mastiff,n02108422_4869.jpg,true
105,Stanford Dogs / ImageNet Dogs,bullmastiff,Bullmastiff,train,data\images\local_dataset\raw\stanford_dogs\Images\n02108422-bull_mastiff\n02108422_2207.jpg,data\images\local_dataset\splits\stanford_dogs_first_baseline\train\bullmastiff\n02108422-bull_mastiff__n02108422_2207.jpg,data\images\local_dataset\raw\stanford_dogs\Images\n02108422-bull_mastiff,n02108422_2207.jpg,true
106,Stanford Dogs / ImageNet Dogs,bullmastiff,Bullmastiff,train,data\images\local_dataset\raw\stanford_dogs\Images\n02108422-bull_mastiff\n02108422_1547.jpg,data\images\local_dataset\splits\stanford_dogs_first_baseline\train\bullmastiff\n02108422-bull_mastiff__n02108422_1547.jpg,data\images\local_dataset\raw\stanford_dogs\Images\n02108422-bull_mastiff,n02108422_1547.jpg,true
107,Stanford Dogs / ImageNet Dogs,bullmastiff,Bullmastiff,train,data\images\local_dataset\raw\stanford_dogs\Images\n02108422-bull_mastiff\n02108422_3379.jpg,data\images\local_dataset\splits\stanford_dogs_first_baseline\train\bullmastiff\n02108422-bull_mastiff__n02108422_3379.jpg,data\images\local_dataset\raw\stanford_dogs\Images\n02108422-bull_mastiff,n02108422_3379.jpg,true
108,Stanford Dogs / ImageNet Dogs,bullmastiff,Bullmastiff,train,data\images\local_dataset\raw\stanford_dogs\Images\n02108422-bull_mastiff\n02108422_3757.jpg,data\images\local_dataset\splits\stanford_dogs_first_baseline\train\bullmastiff\n02108422-bull_mastiff__n02108422_3757.jpg,data\images\local_dataset\raw\stanford_dogs\Images\n02108422-bull_mastiff,n02108422_3757.jpg,true
109,Stanford Dogs / ImageNet Dogs,bullmastiff,Bullmastiff,train,data\images\local_dataset\raw\stanford_dogs\Images\n02108422-bull_mastiff\n02108422_4520.jpg,data\images\local_dataset\splits\stanford_dogs_first_baseline\train\bullmastiff\n02108422-bull_mastiff__n02108422_4520.jpg,data\images\local_dataset\raw\stanford_dogs\Images\n02108422-bull_mastiff,n02108422_4520.jpg,true
110,Stanford Dogs / ImageNet Dogs,bullmastiff,Bullmastiff,train,data\images\local_dataset\raw\stanford_dogs\Images\n02108422-bull_mastiff\n02108422_3273.jpg,data\images\local_dataset\splits\stanford_dogs_first_baseline\train\bullmastiff\n02108422-bull_mastiff__n02108422_3273.jpg,data\images\local_dataset\raw\stanford_dogs\Images\n02108422-bull_mastiff,n02108422_3273.jpg,true
111,Stanford Dogs / ImageNet Dogs,bullmastiff,Bullmastiff,train,data\images\local_dataset\raw\stanford_dogs\Images\n02108422-bull_mastiff\n02108422_4639.jpg,data\images\local_dataset\splits\stanford_dogs_first_baseline\train\bullmastiff\n02108422-bull_mastiff__n02108422_4639.jpg,data\images\local_dataset\raw\stanford_dogs\Images\n02108422-bull_mastiff,n02108422_4639.jpg,true
112,Stanford Dogs / ImageNet Dogs,bullmastiff,Bullmastiff,train,data\images\local_dataset\raw\stanford_dogs\Images\n02108422-bull_mastiff\n02108422_1166.jpg,data\images\local_dataset\splits\stanford_dogs_first_baseline\train\bullmastiff\n02108422-bull_mastiff__n02108422_1166.jpg,data\images\local_dataset\raw\stanford_dogs\Images\n02108422-bull_mastiff,n02108422_1166.jpg,true
113,Stanford Dogs / ImageNet Dogs,bullmastiff,Bullmastiff,train,data\images\local_dataset\raw\stanford_dogs\Images\n02108422-bull_mastiff\n02108422_3911.jpg,data\images\local_dataset\splits\stanford_dogs_first_baseline\train\bullmastiff\n02108422-bull_mastiff__n02108422_3911.jpg,data\images\local_dataset\raw\stanford_dogs\Images\n02108422-bull_mastiff,n02108422_3911.jpg,true
114,Stanford Dogs / ImageNet Dogs,bullmastiff,Bullmastiff,train,data\images\local_dataset\raw\stanford_dogs\Images\n02108422-bull_mastiff\n02108422_278.jpg,data\images\local_dataset\splits\stanford_dogs_first_baseline\train\bullmastiff\n02108422-bull_mastiff__n02108422_278.jpg,data\images\local_dataset\raw\stanford_dogs\Images\n02108422-bull_mastiff,n02108422_278.jpg,true
115,Stanford Dogs / ImageNet Dogs,bullmastiff,Bullmastiff,train,data\images\local_dataset\raw\stanford_dogs\Images\n02108422-bull_mastiff\n02108422_2471.jpg,data\images\local_dataset\splits\stanford_dogs_first_baseline\train\bullmastiff\n02108422-bull_mastiff__n02108422_2471.jpg,data\images\local_dataset\raw\stanford_dogs\Images\n02108422-bull_mastiff,n02108422_2471.jpg,true
116,Stanford Dogs / ImageNet Dogs,bullmastiff,Bullmastiff,train,data\images\local_dataset\raw\stanford_dogs\Images\n02108422-bull_mastiff\n02108422_3621.jpg,data\images\local_dataset\splits\stanford_dogs_first_baseline\train\bullmastiff\n02108422-bull_mastiff__n02108422_3621.jpg,data\images\local_dataset\raw\stanford_dogs\Images\n02108422-bull_mastiff,n02108422_3621.jpg,true
117,Stanford Dogs / ImageNet Dogs,bullmastiff,Bullmastiff,train,data\images\local_dataset\raw\stanford_dogs\Images\n02108422-bull_mastiff\n02108422_2353.jpg,data\images\local_dataset\splits\stanford_dogs_first_baseline\train\bullmastiff\n02108422-bull_mastiff__n02108422_2353.jpg,data\images\local_dataset\raw\stanford_dogs\Images\n02108422-bull_mastiff,n02108422_2353.jpg,true
118,Stanford Dogs / ImageNet Dogs,bullmastiff,Bullmastiff,train,data\images\local_dataset\raw\stanford_dogs\Images\n02108422-bull_mastiff\n02108422_5432.jpg,data\images\local_dataset\splits\stanford_dogs_first_baseline\train\bullmastiff\n02108422-bull_mastiff__n02108422_5432.jpg,data\images\local_dataset\raw\stanford_dogs\Images\n02108422-bull_mastiff,n02108422_5432.jpg,true
119,Stanford Dogs / ImageNet Dogs,bullmastiff,Bullmastiff,train,data\images\local_dataset\raw\stanford_dogs\Images\n02108422-bull_mastiff\n02108422_2443.jpg,data\images\local_dataset\splits\stanford_dogs_first_baseline\train\bullmastiff\n02108422-bull_mastiff__n02108422_2443.jpg,data\images\local_dataset\raw\stanford_dogs\Images\n02108422-bull_mastiff,n02108422_2443.jpg,true
120,Stanford Dogs / ImageNet Dogs,bullmastiff,Bullmastiff,train,data\images\local_dataset\raw\stanford_dogs\Images\n02108422-bull_mastiff\n02108422_5609.jpg,data\images\local_dataset\splits\stanford_dogs_first_baseline\train\bullmastiff\n02108422-bull_mastiff__n02108422_5609.jpg,data\images\local_dataset\raw\stanford_dogs\Images\n02108422-bull_mastiff,n02108422_5609.jpg,true
121,Stanford Dogs / ImageNet Dogs,bullmastiff,Bullmastiff,train,data\images\local_dataset\raw\stanford_dogs\Images\n02108422-bull_mastiff\n02108422_844.jpg,data\images\local_dataset\splits\stanford_dogs_first_baseline\train\bullmastiff\n02108422-bull_mastiff__n02108422_844.jpg,data\images\local_dataset\raw\stanford_dogs\Images\n02108422-bull_mastiff,n02108422_844.jpg,true
122,Stanford Dogs / ImageNet Dogs,bullmastiff,Bullmastiff,train,data\images\local_dataset\raw\stanford_dogs\Images\n02108422-bull_mastiff\n02108422_1507.jpg,data\images\local_dataset\splits\stanford_dogs_first_baseline\train\bullmastiff\n02108422-bull_mastiff__n02108422_1507.jpg,data\images\local_dataset\raw\stanford_dogs\Images\n02108422-bull_mastiff,n02108422_1507.jpg,true
123,Stanford Dogs / ImageNet Dogs,bullmastiff,Bullmastiff,train,data\images\local_dataset\raw\stanford_dogs\Images\n02108422-bull_mastiff\n02108422_5117.jpg,data\images\local_dataset\splits\stanford_dogs_first_baseline\train\bullmastiff\n02108422-bull_mastiff__n02108422_5117.jpg,data\images\local_dataset\raw\stanford_dogs\Images\n02108422-bull_mastiff,n02108422_5117.jpg,true
124,Stanford Dogs / ImageNet Dogs,bullmastiff,Bullmastiff,train,data\images\local_dataset\raw\stanford_dogs\Images\n02108422-bull_mastiff\n02108422_4548.jpg,data\images\local_dataset\splits\stanford_dogs_first_baseline\train\bullmastiff\n02108422-bull_mastiff__n02108422_4548.jpg,data\images\local_dataset\raw\stanford_dogs\Images\n02108422-bull_mastiff,n02108422_4548.jpg,true
125,Stanford Dogs / ImageNet Dogs,bullmastiff,Bullmastiff,train,data\images\local_dataset\raw\stanford_dogs\Images\n02108422-bull_mastiff\n02108422_4735.jpg,data\images\local_dataset\splits\stanford_dogs_first_baseline\train\bullmastiff\n02108422-bull_mastiff__n02108422_4735.jpg,data\images\local_dataset\raw\stanford_dogs\Images\n02108422-bull_mastiff,n02108422_4735.jpg,true
126,Stanford Dogs / ImageNet Dogs,bullmastiff,Bullmastiff,train,data\images\local_dataset\raw\stanford_dogs\Images\n02108422-bull_mastiff\n02108422_2094.jpg,data\images\local_dataset\splits\stanford_dogs_first_baseline\train\bullmastiff\n02108422-bull_mastiff__n02108422_2094.jpg,data\images\local_dataset\raw\stanford_dogs\Images\n02108422-bull_mastiff,n02108422_2094.jpg,true
127,Stanford Dogs / ImageNet Dogs,bullmastiff,Bullmastiff,train,data\images\local_dataset\raw\stanford_dogs\Images\n02108422-bull_mastiff\n02108422_4503.jpg,data\images\local_dataset\splits\stanford_dogs_first_baseline\train\bullmastiff\n02108422-bull_mastiff__n02108422_4503.jpg,data\images\local_dataset\raw\stanford_dogs\Images\n02108422-bull_mastiff,n02108422_4503.jpg,true
128,Stanford Dogs / ImageNet Dogs,bullmastiff,Bullmastiff,train,data\images\local_dataset\raw\stanford_dogs\Images\n02108422-bull_mastiff\n02108422_4445.jpg,data\images\local_dataset\splits\stanford_dogs_first_baseline\train\bullmastiff\n02108422-bull_mastiff__n02108422_4445.jpg,data\images\local_dataset\raw\stanford_dogs\Images\n02108422-bull_mastiff,n02108422_4445.jpg,true
129,Stanford Dogs / ImageNet Dogs,bullmastiff,Bullmastiff,train,data\images\local_dataset\raw\stanford_dogs\Images\n02108422-bull_mastiff\n02108422_4375.jpg,data\images\local_dataset\splits\stanford_dogs_first_baseline\train\bullmastiff\n02108422-bull_mastiff__n02108422_4375.jpg,data\images\local_dataset\raw\stanford_dogs\Images\n02108422-bull_mastiff,n02108422_4375.jpg,true
130,Stanford Dogs / ImageNet Dogs,bullmastiff,Bullmastiff,train,data\images\local_dataset\raw\stanford_dogs\Images\n02108422-bull_mastiff\n02108422_3177.jpg,data\images\local_dataset\splits\stanford_dogs_first_baseline\train\bullmastiff\n02108422-bull_mastiff__n02108422_3177.jpg,data\images\local_dataset\raw\stanford_dogs\Images\n02108422-bull_mastiff,n02108422_3177.jpg,true
131,Stanford Dogs / ImageNet Dogs,bullmastiff,Bullmastiff,train,data\images\local_dataset\raw\stanford_dogs\Images\n02108422-bull_mastiff\n02108422_5260.jpg,data\images\local_dataset\splits\stanford_dogs_first_baseline\train\bullmastiff\n02108422-bull_mastiff__n02108422_5260.jpg,data\images\local_dataset\raw\stanford_dogs\Images\n02108422-bull_mastiff,n02108422_5260.jpg,true
132,Stanford Dogs / ImageNet Dogs,bullmastiff,Bullmastiff,train,data\images\local_dataset\raw\stanford_dogs\Images\n02108422-bull_mastiff\n02108422_3086.jpg,data\images\local_dataset\splits\stanford_dogs_first_baseline\train\bullmastiff\n02108422-bull_mastiff__n02108422_3086.jpg,data\images\local_dataset\raw\stanford_dogs\Images\n02108422-bull_mastiff,n02108422_3086.jpg,true
133,Stanford Dogs / ImageNet Dogs,bullmastiff,Bullmastiff,train,data\images\local_dataset\raw\stanford_dogs\Images\n02108422-bull_mastiff\n02108422_5143.jpg,data\images\local_dataset\splits\stanford_dogs_first_baseline\train\bullmastiff\n02108422-bull_mastiff__n02108422_5143.jpg,data\images\local_dataset\raw\stanford_dogs\Images\n02108422-bull_mastiff,n02108422_5143.jpg,true
134,Stanford Dogs / ImageNet Dogs,bullmastiff,Bullmastiff,train,data\images\local_dataset\raw\stanford_dogs\Images\n02108422-bull_mastiff\n02108422_3051.jpg,data\images\local_dataset\splits\stanford_dogs_first_baseline\train\bullmastiff\n02108422-bull_mastiff__n02108422_3051.jpg,data\images\local_dataset\raw\stanford_dogs\Images\n02108422-bull_mastiff,n02108422_3051.jpg,true
135,Stanford Dogs / ImageNet Dogs,bullmastiff,Bullmastiff,train,data\images\local_dataset\raw\stanford_dogs\Images\n02108422-bull_mastiff\n02108422_1242.jpg,data\images\local_dataset\splits\stanford_dogs_first_baseline\train\bullmastiff\n02108422-bull_mastiff__n02108422_1242.jpg,data\images\local_dataset\raw\stanford_dogs\Images\n02108422-bull_mastiff,n02108422_1242.jpg,true
136,Stanford Dogs / ImageNet Dogs,bullmastiff,Bullmastiff,train,data\images\local_dataset\raw\stanford_dogs\Images\n02108422-bull_mastiff\n02108422_4454.jpg,data\images\local_dataset\splits\stanford_dogs_first_baseline\train\bullmastiff\n02108422-bull_mastiff__n02108422_4454.jpg,data\images\local_dataset\raw\stanford_dogs\Images\n02108422-bull_mastiff,n02108422_4454.jpg,true
137,Stanford Dogs / ImageNet Dogs,bullmastiff,Bullmastiff,validation,data\images\local_dataset\raw\stanford_dogs\Images\n02108422-bull_mastiff\n02108422_754.jpg,data\images\local_dataset\splits\stanford_dogs_first_baseline\validation\bullmastiff\n02108422-bull_mastiff__n02108422_754.jpg,data\images\local_dataset\raw\stanford_dogs\Images\n02108422-bull_mastiff,n02108422_754.jpg,true
138,Stanford Dogs / ImageNet Dogs,bullmastiff,Bullmastiff,validation,data\images\local_dataset\raw\stanford_dogs\Images\n02108422-bull_mastiff\n02108422_4064.jpg,data\images\local_dataset\splits\stanford_dogs_first_baseline\validation\bullmastiff\n02108422-bull_mastiff__n02108422_4064.jpg,data\images\local_dataset\raw\stanford_dogs\Images\n02108422-bull_mastiff,n02108422_4064.jpg,true
139,Stanford Dogs / ImageNet Dogs,bullmastiff,Bullmastiff,validation,data\images\local_dataset\raw\stanford_dogs\Images\n02108422-bull_mastiff\n02108422_1079.jpg,data\images\local_dataset\splits\stanford_dogs_first_baseline\validation\bullmastiff\n02108422-bull_mastiff__n02108422_1079.jpg,data\images\local_dataset\raw\stanford_dogs\Images\n02108422-bull_mastiff,n02108422_1079.jpg,true
140,Stanford Dogs / ImageNet Dogs,bullmastiff,Bullmastiff,validation,data\images\local_dataset\raw\stanford_dogs\Images\n02108422-bull_mastiff\n02108422_2404.jpg,data\images\local_dataset\splits\stanford_dogs_first_baseline\validation\bullmastiff\n02108422-bull_mastiff__n02108422_2404.jpg,data\images\local_dataset\raw\stanford_dogs\Images\n02108422-bull_mastiff,n02108422_2404.jpg,true
141,Stanford Dogs / ImageNet Dogs,bullmastiff,Bullmastiff,validation,data\images\local_dataset\raw\stanford_dogs\Images\n02108422-bull_mastiff\n02108422_3647.jpg,data\images\local_dataset\splits\stanford_dogs_first_baseline\validation\bullmastiff\n02108422-bull_mastiff__n02108422_3647.jpg,data\images\local_dataset\raw\stanford_dogs\Images\n02108422-bull_mastiff,n02108422_3647.jpg,true
142,Stanford Dogs / ImageNet Dogs,bullmastiff,Bullmastiff,validation,data\images\local_dataset\raw\stanford_dogs\Images\n02108422-bull_mastiff\n02108422_3749.jpg,data\images\local_dataset\splits\stanford_dogs_first_baseline\validation\bullmastiff\n02108422-bull_mastiff__n02108422_3749.jpg,data\images\local_dataset\raw\stanford_dogs\Images\n02108422-bull_mastiff,n02108422_3749.jpg,true
143,Stanford Dogs / ImageNet Dogs,bullmastiff,Bullmastiff,validation,data\images\local_dataset\raw\stanford_dogs\Images\n02108422-bull_mastiff\n02108422_1968.jpg,data\images\local_dataset\splits\stanford_dogs_first_baseline\validation\bullmastiff\n02108422-bull_mastiff__n02108422_1968.jpg,data\images\local_dataset\raw\stanford_dogs\Images\n02108422-bull_mastiff,n02108422_1968.jpg,true
144,Stanford Dogs / ImageNet Dogs,bullmastiff,Bullmastiff,validation,data\images\local_dataset\raw\stanford_dogs\Images\n02108422-bull_mastiff\n02108422_5106.jpg,data\images\local_dataset\splits\stanford_dogs_first_baseline\validation\bullmastiff\n02108422-bull_mastiff__n02108422_5106.jpg,data\images\local_dataset\raw\stanford_dogs\Images\n02108422-bull_mastiff,n02108422_5106.jpg,true
145,Stanford Dogs / ImageNet Dogs,bullmastiff,Bullmastiff,validation,data\images\local_dataset\raw\stanford_dogs\Images\n02108422-bull_mastiff\n02108422_932.jpg,data\images\local_dataset\splits\stanford_dogs_first_baseline\validation\bullmastiff\n02108422-bull_mastiff__n02108422_932.jpg,data\images\local_dataset\raw\stanford_dogs\Images\n02108422-bull_mastiff,n02108422_932.jpg,true
146,Stanford Dogs / ImageNet Dogs,bullmastiff,Bullmastiff,validation,data\images\local_dataset\raw\stanford_dogs\Images\n02108422-bull_mastiff\n02108422_2947.jpg,data\images\local_dataset\splits\stanford_dogs_first_baseline\validation\bullmastiff\n02108422-bull_mastiff__n02108422_2947.jpg,data\images\local_dataset\raw\stanford_dogs\Images\n02108422-bull_mastiff,n02108422_2947.jpg,true
147,Stanford Dogs / ImageNet Dogs,bullmastiff,Bullmastiff,validation,data\images\local_dataset\raw\stanford_dogs\Images\n02108422-bull_mastiff\n02108422_5221.jpg,data\images\local_dataset\splits\stanford_dogs_first_baseline\validation\bullmastiff\n02108422-bull_mastiff__n02108422_5221.jpg,data\images\local_dataset\raw\stanford_dogs\Images\n02108422-bull_mastiff,n02108422_5221.jpg,true
148,Stanford Dogs / ImageNet Dogs,bullmastiff,Bullmastiff,validation,data\images\local_dataset\raw\stanford_dogs\Images\n02108422-bull_mastiff\n02108422_1546.jpg,data\images\local_dataset\splits\stanford_dogs_first_baseline\validation\bullmastiff\n02108422-bull_mastiff__n02108422_1546.jpg,data\images\local_dataset\raw\stanford_dogs\Images\n02108422-bull_mastiff,n02108422_1546.jpg,true
149,Stanford Dogs / ImageNet Dogs,bullmastiff,Bullmastiff,test,data\images\local_dataset\raw\stanford_dogs\Images\n02108422-bull_mastiff\n02108422_1939.jpg,data\images\local_dataset\splits\stanford_dogs_first_baseline\test\bullmastiff\n02108422-bull_mastiff__n02108422_1939.jpg,data\images\local_dataset\raw\stanford_dogs\Images\n02108422-bull_mastiff,n02108422_1939.jpg,true
150,Stanford Dogs / ImageNet Dogs,bullmastiff,Bullmastiff,test,data\images\local_dataset\raw\stanford_dogs\Images\n02108422-bull_mastiff\n02108422_2678.jpg,data\images\local_dataset\splits\stanford_dogs_first_baseline\test\bullmastiff\n02108422-bull_mastiff__n02108422_2678.jpg,data\images\local_dataset\raw\stanford_dogs\Images\n02108422-bull_mastiff,n02108422_2678.jpg,true
151,Stanford Dogs / ImageNet Dogs,bullmastiff,Bullmastiff,test,data\images\local_dataset\raw\stanford_dogs\Images\n02108422-bull_mastiff\n02108422_3398.jpg,data\images\local_dataset\splits\stanford_dogs_first_baseline\test\bullmastiff\n02108422-bull_mastiff__n02108422_3398.jpg,data\images\local_dataset\raw\stanford_dogs\Images\n02108422-bull_mastiff,n02108422_3398.jpg,true
152,Stanford Dogs / ImageNet Dogs,bullmastiff,Bullmastiff,test,data\images\local_dataset\raw\stanford_dogs\Images\n02108422-bull_mastiff\n02108422_4250.jpg,data\images\local_dataset\splits\stanford_dogs_first_baseline\test\bullmastiff\n02108422-bull_mastiff__n02108422_4250.jpg,data\images\local_dataset\raw\stanford_dogs\Images\n02108422-bull_mastiff,n02108422_4250.jpg,true
153,Stanford Dogs / ImageNet Dogs,bullmastiff,Bullmastiff,test,data\images\local_dataset\raw\stanford_dogs\Images\n02108422-bull_mastiff\n02108422_668.jpg,data\images\local_dataset\splits\stanford_dogs_first_baseline\test\bullmastiff\n02108422-bull_mastiff__n02108422_668.jpg,data\images\local_dataset\raw\stanford_dogs\Images\n02108422-bull_mastiff,n02108422_668.jpg,true
154,Stanford Dogs / ImageNet Dogs,bullmastiff,Bullmastiff,test,data\images\local_dataset\raw\stanford_dogs\Images\n02108422-bull_mastiff\n02108422_347.jpg,data\images\local_dataset\splits\stanford_dogs_first_baseline\test\bullmastiff\n02108422-bull_mastiff__n02108422_347.jpg,data\images\local_dataset\raw\stanford_dogs\Images\n02108422-bull_mastiff,n02108422_347.jpg,true
155,Stanford Dogs / ImageNet Dogs,bullmastiff,Bullmastiff,test,data\images\local_dataset\raw\stanford_dogs\Images\n02108422-bull_mastiff\n02108422_3440.jpg,data\images\local_dataset\splits\stanford_dogs_first_baseline\test\bullmastiff\n02108422-bull_mastiff__n02108422_3440.jpg,data\images\local_dataset\raw\stanford_dogs\Images\n02108422-bull_mastiff,n02108422_3440.jpg,true
156,Stanford Dogs / ImageNet Dogs,bullmastiff,Bullmastiff,test,data\images\local_dataset\raw\stanford_dogs\Images\n02108422-bull_mastiff\n02108422_158.jpg,data\images\local_dataset\splits\stanford_dogs_first_baseline\test\bullmastiff\n02108422-bull_mastiff__n02108422_158.jpg,data\images\local_dataset\raw\stanford_dogs\Images\n02108422-bull_mastiff,n02108422_158.jpg,true
157,Stanford Dogs / ImageNet Dogs,bullmastiff,Bullmastiff,test,data\images\local_dataset\raw\stanford_dogs\Images\n02108422-bull_mastiff\n02108422_4976.jpg,data\images\local_dataset\splits\stanford_dogs_first_baseline\test\bullmastiff\n02108422-bull_mastiff__n02108422_4976.jpg,data\images\local_dataset\raw\stanford_dogs\Images\n02108422-bull_mastiff,n02108422_4976.jpg,true
158,Stanford Dogs / ImageNet Dogs,bullmastiff,Bullmastiff,test,data\images\local_dataset\raw\stanford_dogs\Images\n02108422-bull_mastiff\n02108422_4978.jpg,data\images\local_dataset\splits\stanford_dogs_first_baseline\test\bullmastiff\n02108422-bull_mastiff__n02108422_4978.jpg,data\images\local_dataset\raw\stanford_dogs\Images\n02108422-bull_mastiff,n02108422_4978.jpg,true
159,Stanford Dogs / ImageNet Dogs,bullmastiff,Bullmastiff,test,data\images\local_dataset\raw\stanford_dogs\Images\n02108422-bull_mastiff\n02108422_3169.jpg,data\images\local_dataset\splits\stanford_dogs_first_baseline\test\bullmastiff\n02108422-bull_mastiff__n02108422_3169.jpg,data\images\local_dataset\raw\stanford_dogs\Images\n02108422-bull_mastiff,n02108422_3169.jpg,true
160,Stanford Dogs / ImageNet Dogs,bullmastiff,Bullmastiff,test,data\images\local_dataset\raw\stanford_dogs\Images\n02108422-bull_mastiff\n02108422_2111.jpg,data\images\local_dataset\splits\stanford_dogs_first_baseline\test\bullmastiff\n02108422-bull_mastiff__n02108422_2111.jpg,data\images\local_dataset\raw\stanford_dogs\Images\n02108422-bull_mastiff,n02108422_2111.jpg,true
161,Stanford Dogs / ImageNet Dogs,great_dane,Great Dane,train,data\images\local_dataset\raw\stanford_dogs\Images\n02109047-Great_Dane\n02109047_481.jpg,data\images\local_dataset\splits\stanford_dogs_first_baseline\train\great_dane\n02109047-Great_Dane__n02109047_481.jpg,data\images\local_dataset\raw\stanford_dogs\Images\n02109047-Great_Dane,n02109047_481.jpg,true
162,Stanford Dogs / ImageNet Dogs,great_dane,Great Dane,train,data\images\local_dataset\raw\stanford_dogs\Images\n02109047-Great_Dane\n02109047_18614.jpg,data\images\local_dataset\splits\stanford_dogs_first_baseline\train\great_dane\n02109047-Great_Dane__n02109047_18614.jpg,data\images\local_dataset\raw\stanford_dogs\Images\n02109047-Great_Dane,n02109047_18614.jpg,true
163,Stanford Dogs / ImageNet Dogs,great_dane,Great Dane,train,data\images\local_dataset\raw\stanford_dogs\Images\n02109047-Great_Dane\n02109047_19775.jpg,data\images\local_dataset\splits\stanford_dogs_first_baseline\train\great_dane\n02109047-Great_Dane__n02109047_19775.jpg,data\images\local_dataset\raw\stanford_dogs\Images\n02109047-Great_Dane,n02109047_19775.jpg,true
164,Stanford Dogs / ImageNet Dogs,great_dane,Great Dane,train,data\images\local_dataset\raw\stanford_dogs\Images\n02109047-Great_Dane\n02109047_21692.jpg,data\images\local_dataset\splits\stanford_dogs_first_baseline\train\great_dane\n02109047-Great_Dane__n02109047_21692.jpg,data\images\local_dataset\raw\stanford_dogs\Images\n02109047-Great_Dane,n02109047_21692.jpg,true
165,Stanford Dogs / ImageNet Dogs,great_dane,Great Dane,train,data\images\local_dataset\raw\stanford_dogs\Images\n02109047-Great_Dane\n02109047_2072.jpg,data\images\local_dataset\splits\stanford_dogs_first_baseline\train\great_dane\n02109047-Great_Dane__n02109047_2072.jpg,data\images\local_dataset\raw\stanford_dogs\Images\n02109047-Great_Dane,n02109047_2072.jpg,true
166,Stanford Dogs / ImageNet Dogs,great_dane,Great Dane,train,data\images\local_dataset\raw\stanford_dogs\Images\n02109047-Great_Dane\n02109047_13744.jpg,data\images\local_dataset\splits\stanford_dogs_first_baseline\train\great_dane\n02109047-Great_Dane__n02109047_13744.jpg,data\images\local_dataset\raw\stanford_dogs\Images\n02109047-Great_Dane,n02109047_13744.jpg,true
167,Stanford Dogs / ImageNet Dogs,great_dane,Great Dane,train,data\images\local_dataset\raw\stanford_dogs\Images\n02109047-Great_Dane\n02109047_33651.jpg,data\images\local_dataset\splits\stanford_dogs_first_baseline\train\great_dane\n02109047-Great_Dane__n02109047_33651.jpg,data\images\local_dataset\raw\stanford_dogs\Images\n02109047-Great_Dane,n02109047_33651.jpg,true
168,Stanford Dogs / ImageNet Dogs,great_dane,Great Dane,train,data\images\local_dataset\raw\stanford_dogs\Images\n02109047-Great_Dane\n02109047_31376.jpg,data\images\local_dataset\splits\stanford_dogs_first_baseline\train\great_dane\n02109047-Great_Dane__n02109047_31376.jpg,data\images\local_dataset\raw\stanford_dogs\Images\n02109047-Great_Dane,n02109047_31376.jpg,true
169,Stanford Dogs / ImageNet Dogs,great_dane,Great Dane,train,data\images\local_dataset\raw\stanford_dogs\Images\n02109047-Great_Dane\n02109047_22193.jpg,data\images\local_dataset\splits\stanford_dogs_first_baseline\train\great_dane\n02109047-Great_Dane__n02109047_22193.jpg,data\images\local_dataset\raw\stanford_dogs\Images\n02109047-Great_Dane,n02109047_22193.jpg,true
170,Stanford Dogs / ImageNet Dogs,great_dane,Great Dane,train,data\images\local_dataset\raw\stanford_dogs\Images\n02109047-Great_Dane\n02109047_13016.jpg,data\images\local_dataset\splits\stanford_dogs_first_baseline\train\great_dane\n02109047-Great_Dane__n02109047_13016.jpg,data\images\local_dataset\raw\stanford_dogs\Images\n02109047-Great_Dane,n02109047_13016.jpg,true
171,Stanford Dogs / ImageNet Dogs,great_dane,Great Dane,train,data\images\local_dataset\raw\stanford_dogs\Images\n02109047-Great_Dane\n02109047_31049.jpg,data\images\local_dataset\splits\stanford_dogs_first_baseline\train\great_dane\n02109047-Great_Dane__n02109047_31049.jpg,data\images\local_dataset\raw\stanford_dogs\Images\n02109047-Great_Dane,n02109047_31049.jpg,true
172,Stanford Dogs / ImageNet Dogs,great_dane,Great Dane,train,data\images\local_dataset\raw\stanford_dogs\Images\n02109047-Great_Dane\n02109047_25603.jpg,data\images\local_dataset\splits\stanford_dogs_first_baseline\train\great_dane\n02109047-Great_Dane__n02109047_25603.jpg,data\images\local_dataset\raw\stanford_dogs\Images\n02109047-Great_Dane,n02109047_25603.jpg,true
173,Stanford Dogs / ImageNet Dogs,great_dane,Great Dane,train,data\images\local_dataset\raw\stanford_dogs\Images\n02109047-Great_Dane\n02109047_28433.jpg,data\images\local_dataset\splits\stanford_dogs_first_baseline\train\great_dane\n02109047-Great_Dane__n02109047_28433.jpg,data\images\local_dataset\raw\stanford_dogs\Images\n02109047-Great_Dane,n02109047_28433.jpg,true
174,Stanford Dogs / ImageNet Dogs,great_dane,Great Dane,train,data\images\local_dataset\raw\stanford_dogs\Images\n02109047-Great_Dane\n02109047_5910.jpg,data\images\local_dataset\splits\stanford_dogs_first_baseline\train\great_dane\n02109047-Great_Dane__n02109047_5910.jpg,data\images\local_dataset\raw\stanford_dogs\Images\n02109047-Great_Dane,n02109047_5910.jpg,true
175,Stanford Dogs / ImageNet Dogs,great_dane,Great Dane,train,data\images\local_dataset\raw\stanford_dogs\Images\n02109047-Great_Dane\n02109047_13211.jpg,data\images\local_dataset\splits\stanford_dogs_first_baseline\train\great_dane\n02109047-Great_Dane__n02109047_13211.jpg,data\images\local_dataset\raw\stanford_dogs\Images\n02109047-Great_Dane,n02109047_13211.jpg,true
176,Stanford Dogs / ImageNet Dogs,great_dane,Great Dane,train,data\images\local_dataset\raw\stanford_dogs\Images\n02109047-Great_Dane\n02109047_31117.jpg,data\images\local_dataset\splits\stanford_dogs_first_baseline\train\great_dane\n02109047-Great_Dane__n02109047_31117.jpg,data\images\local_dataset\raw\stanford_dogs\Images\n02109047-Great_Dane,n02109047_31117.jpg,true
177,Stanford Dogs / ImageNet Dogs,great_dane,Great Dane,train,data\images\local_dataset\raw\stanford_dogs\Images\n02109047-Great_Dane\n02109047_4267.jpg,data\images\local_dataset\splits\stanford_dogs_first_baseline\train\great_dane\n02109047-Great_Dane__n02109047_4267.jpg,data\images\local_dataset\raw\stanford_dogs\Images\n02109047-Great_Dane,n02109047_4267.jpg,true
178,Stanford Dogs / ImageNet Dogs,great_dane,Great Dane,train,data\images\local_dataset\raw\stanford_dogs\Images\n02109047-Great_Dane\n02109047_10414.jpg,data\images\local_dataset\splits\stanford_dogs_first_baseline\train\great_dane\n02109047-Great_Dane__n02109047_10414.jpg,data\images\local_dataset\raw\stanford_dogs\Images\n02109047-Great_Dane,n02109047_10414.jpg,true
179,Stanford Dogs / ImageNet Dogs,great_dane,Great Dane,train,data\images\local_dataset\raw\stanford_dogs\Images\n02109047-Great_Dane\n02109047_5588.jpg,data\images\local_dataset\splits\stanford_dogs_first_baseline\train\great_dane\n02109047-Great_Dane__n02109047_5588.jpg,data\images\local_dataset\raw\stanford_dogs\Images\n02109047-Great_Dane,n02109047_5588.jpg,true
180,Stanford Dogs / ImageNet Dogs,great_dane,Great Dane,train,data\images\local_dataset\raw\stanford_dogs\Images\n02109047-Great_Dane\n02109047_4884.jpg,data\images\local_dataset\splits\stanford_dogs_first_baseline\train\great_dane\n02109047-Great_Dane__n02109047_4884.jpg,data\images\local_dataset\raw\stanford_dogs\Images\n02109047-Great_Dane,n02109047_4884.jpg,true
181,Stanford Dogs / ImageNet Dogs,great_dane,Great Dane,train,data\images\local_dataset\raw\stanford_dogs\Images\n02109047-Great_Dane\n02109047_32635.jpg,data\images\local_dataset\splits\stanford_dogs_first_baseline\train\great_dane\n02109047-Great_Dane__n02109047_32635.jpg,data\images\local_dataset\raw\stanford_dogs\Images\n02109047-Great_Dane,n02109047_32635.jpg,true
182,Stanford Dogs / ImageNet Dogs,great_dane,Great Dane,train,data\images\local_dataset\raw\stanford_dogs\Images\n02109047-Great_Dane\n02109047_7156.jpg,data\images\local_dataset\splits\stanford_dogs_first_baseline\train\great_dane\n02109047-Great_Dane__n02109047_7156.jpg,data\images\local_dataset\raw\stanford_dogs\Images\n02109047-Great_Dane,n02109047_7156.jpg,true
183,Stanford Dogs / ImageNet Dogs,great_dane,Great Dane,train,data\images\local_dataset\raw\stanford_dogs\Images\n02109047-Great_Dane\n02109047_2553.jpg,data\images\local_dataset\splits\stanford_dogs_first_baseline\train\great_dane\n02109047-Great_Dane__n02109047_2553.jpg,data\images\local_dataset\raw\stanford_dogs\Images\n02109047-Great_Dane,n02109047_2553.jpg,true
184,Stanford Dogs / ImageNet Dogs,great_dane,Great Dane,train,data\images\local_dataset\raw\stanford_dogs\Images\n02109047-Great_Dane\n02109047_7072.jpg,data\images\local_dataset\splits\stanford_dogs_first_baseline\train\great_dane\n02109047-Great_Dane__n02109047_7072.jpg,data\images\local_dataset\raw\stanford_dogs\Images\n02109047-Great_Dane,n02109047_7072.jpg,true
185,Stanford Dogs / ImageNet Dogs,great_dane,Great Dane,train,data\images\local_dataset\raw\stanford_dogs\Images\n02109047-Great_Dane\n02109047_2248.jpg,data\images\local_dataset\splits\stanford_dogs_first_baseline\train\great_dane\n02109047-Great_Dane__n02109047_2248.jpg,data\images\local_dataset\raw\stanford_dogs\Images\n02109047-Great_Dane,n02109047_2248.jpg,true
186,Stanford Dogs / ImageNet Dogs,great_dane,Great Dane,train,data\images\local_dataset\raw\stanford_dogs\Images\n02109047-Great_Dane\n02109047_6008.jpg,data\images\local_dataset\splits\stanford_dogs_first_baseline\train\great_dane\n02109047-Great_Dane__n02109047_6008.jpg,data\images\local_dataset\raw\stanford_dogs\Images\n02109047-Great_Dane,n02109047_6008.jpg,true
187,Stanford Dogs / ImageNet Dogs,great_dane,Great Dane,train,data\images\local_dataset\raw\stanford_dogs\Images\n02109047-Great_Dane\n02109047_1480.jpg,data\images\local_dataset\splits\stanford_dogs_first_baseline\train\great_dane\n02109047-Great_Dane__n02109047_1480.jpg,data\images\local_dataset\raw\stanford_dogs\Images\n02109047-Great_Dane,n02109047_1480.jpg,true
188,Stanford Dogs / ImageNet Dogs,great_dane,Great Dane,train,data\images\local_dataset\raw\stanford_dogs\Images\n02109047-Great_Dane\n02109047_744.jpg,data\images\local_dataset\splits\stanford_dogs_first_baseline\train\great_dane\n02109047-Great_Dane__n02109047_744.jpg,data\images\local_dataset\raw\stanford_dogs\Images\n02109047-Great_Dane,n02109047_744.jpg,true
189,Stanford Dogs / ImageNet Dogs,great_dane,Great Dane,train,data\images\local_dataset\raw\stanford_dogs\Images\n02109047-Great_Dane\n02109047_13868.jpg,data\images\local_dataset\splits\stanford_dogs_first_baseline\train\great_dane\n02109047-Great_Dane__n02109047_13868.jpg,data\images\local_dataset\raw\stanford_dogs\Images\n02109047-Great_Dane,n02109047_13868.jpg,true
190,Stanford Dogs / ImageNet Dogs,great_dane,Great Dane,train,data\images\local_dataset\raw\stanford_dogs\Images\n02109047-Great_Dane\n02109047_31274.jpg,data\images\local_dataset\splits\stanford_dogs_first_baseline\train\great_dane\n02109047-Great_Dane__n02109047_31274.jpg,data\images\local_dataset\raw\stanford_dogs\Images\n02109047-Great_Dane,n02109047_31274.jpg,true
191,Stanford Dogs / ImageNet Dogs,great_dane,Great Dane,train,data\images\local_dataset\raw\stanford_dogs\Images\n02109047-Great_Dane\n02109047_6061.jpg,data\images\local_dataset\splits\stanford_dogs_first_baseline\train\great_dane\n02109047-Great_Dane__n02109047_6061.jpg,data\images\local_dataset\raw\stanford_dogs\Images\n02109047-Great_Dane,n02109047_6061.jpg,true
192,Stanford Dogs / ImageNet Dogs,great_dane,Great Dane,train,data\images\local_dataset\raw\stanford_dogs\Images\n02109047-Great_Dane\n02109047_8912.jpg,data\images\local_dataset\splits\stanford_dogs_first_baseline\train\great_dane\n02109047-Great_Dane__n02109047_8912.jpg,data\images\local_dataset\raw\stanford_dogs\Images\n02109047-Great_Dane,n02109047_8912.jpg,true
193,Stanford Dogs / ImageNet Dogs,great_dane,Great Dane,train,data\images\local_dataset\raw\stanford_dogs\Images\n02109047-Great_Dane\n02109047_5005.jpg,data\images\local_dataset\splits\stanford_dogs_first_baseline\train\great_dane\n02109047-Great_Dane__n02109047_5005.jpg,data\images\local_dataset\raw\stanford_dogs\Images\n02109047-Great_Dane,n02109047_5005.jpg,true
194,Stanford Dogs / ImageNet Dogs,great_dane,Great Dane,train,data\images\local_dataset\raw\stanford_dogs\Images\n02109047-Great_Dane\n02109047_25779.jpg,data\images\local_dataset\splits\stanford_dogs_first_baseline\train\great_dane\n02109047-Great_Dane__n02109047_25779.jpg,data\images\local_dataset\raw\stanford_dogs\Images\n02109047-Great_Dane,n02109047_25779.jpg,true
195,Stanford Dogs / ImageNet Dogs,great_dane,Great Dane,train,data\images\local_dataset\raw\stanford_dogs\Images\n02109047-Great_Dane\n02109047_32010.jpg,data\images\local_dataset\splits\stanford_dogs_first_baseline\train\great_dane\n02109047-Great_Dane__n02109047_32010.jpg,data\images\local_dataset\raw\stanford_dogs\Images\n02109047-Great_Dane,n02109047_32010.jpg,true
196,Stanford Dogs / ImageNet Dogs,great_dane,Great Dane,train,data\images\local_dataset\raw\stanford_dogs\Images\n02109047-Great_Dane\n02109047_25291.jpg,data\images\local_dataset\splits\stanford_dogs_first_baseline\train\great_dane\n02109047-Great_Dane__n02109047_25291.jpg,data\images\local_dataset\raw\stanford_dogs\Images\n02109047-Great_Dane,n02109047_25291.jpg,true
197,Stanford Dogs / ImageNet Dogs,great_dane,Great Dane,train,data\images\local_dataset\raw\stanford_dogs\Images\n02109047-Great_Dane\n02109047_12899.jpg,data\images\local_dataset\splits\stanford_dogs_first_baseline\train\great_dane\n02109047-Great_Dane__n02109047_12899.jpg,data\images\local_dataset\raw\stanford_dogs\Images\n02109047-Great_Dane,n02109047_12899.jpg,true
198,Stanford Dogs / ImageNet Dogs,great_dane,Great Dane,train,data\images\local_dataset\raw\stanford_dogs\Images\n02109047-Great_Dane\n02109047_2859.jpg,data\images\local_dataset\splits\stanford_dogs_first_baseline\train\great_dane\n02109047-Great_Dane__n02109047_2859.jpg,data\images\local_dataset\raw\stanford_dogs\Images\n02109047-Great_Dane,n02109047_2859.jpg,true
199,Stanford Dogs / ImageNet Dogs,great_dane,Great Dane,train,data\images\local_dataset\raw\stanford_dogs\Images\n02109047-Great_Dane\n02109047_1371.jpg,data\images\local_dataset\splits\stanford_dogs_first_baseline\train\great_dane\n02109047-Great_Dane__n02109047_1371.jpg,data\images\local_dataset\raw\stanford_dogs\Images\n02109047-Great_Dane,n02109047_1371.jpg,true
200,Stanford Dogs / ImageNet Dogs,great_dane,Great Dane,train,data\images\local_dataset\raw\stanford_dogs\Images\n02109047-Great_Dane\n02109047_2465.jpg,data\images\local_dataset\splits\stanford_dogs_first_baseline\train\great_dane\n02109047-Great_Dane__n02109047_2465.jpg,data\images\local_dataset\raw\stanford_dogs\Images\n02109047-Great_Dane,n02109047_2465.jpg,true
201,Stanford Dogs / ImageNet Dogs,great_dane,Great Dane,train,data\images\local_dataset\raw\stanford_dogs\Images\n02109047-Great_Dane\n02109047_21567.jpg,data\images\local_dataset\splits\stanford_dogs_first_baseline\train\great_dane\n02109047-Great_Dane__n02109047_21567.jpg,data\images\local_dataset\raw\stanford_dogs\Images\n02109047-Great_Dane,n02109047_21567.jpg,true
202,Stanford Dogs / ImageNet Dogs,great_dane,Great Dane,train,data\images\local_dataset\raw\stanford_dogs\Images\n02109047-Great_Dane\n02109047_5675.jpg,data\images\local_dataset\splits\stanford_dogs_first_baseline\train\great_dane\n02109047-Great_Dane__n02109047_5675.jpg,data\images\local_dataset\raw\stanford_dogs\Images\n02109047-Great_Dane,n02109047_5675.jpg,true
203,Stanford Dogs / ImageNet Dogs,great_dane,Great Dane,train,data\images\local_dataset\raw\stanford_dogs\Images\n02109047-Great_Dane\n02109047_21589.jpg,data\images\local_dataset\splits\stanford_dogs_first_baseline\train\great_dane\n02109047-Great_Dane__n02109047_21589.jpg,data\images\local_dataset\raw\stanford_dogs\Images\n02109047-Great_Dane,n02109047_21589.jpg,true
204,Stanford Dogs / ImageNet Dogs,great_dane,Great Dane,train,data\images\local_dataset\raw\stanford_dogs\Images\n02109047-Great_Dane\n02109047_34022.jpg,data\images\local_dataset\splits\stanford_dogs_first_baseline\train\great_dane\n02109047-Great_Dane__n02109047_34022.jpg,data\images\local_dataset\raw\stanford_dogs\Images\n02109047-Great_Dane,n02109047_34022.jpg,true
205,Stanford Dogs / ImageNet Dogs,great_dane,Great Dane,train,data\images\local_dataset\raw\stanford_dogs\Images\n02109047-Great_Dane\n02109047_22955.jpg,data\images\local_dataset\splits\stanford_dogs_first_baseline\train\great_dane\n02109047-Great_Dane__n02109047_22955.jpg,data\images\local_dataset\raw\stanford_dogs\Images\n02109047-Great_Dane,n02109047_22955.jpg,true
206,Stanford Dogs / ImageNet Dogs,great_dane,Great Dane,train,data\images\local_dataset\raw\stanford_dogs\Images\n02109047-Great_Dane\n02109047_21903.jpg,data\images\local_dataset\splits\stanford_dogs_first_baseline\train\great_dane\n02109047-Great_Dane__n02109047_21903.jpg,data\images\local_dataset\raw\stanford_dogs\Images\n02109047-Great_Dane,n02109047_21903.jpg,true
207,Stanford Dogs / ImageNet Dogs,great_dane,Great Dane,train,data\images\local_dataset\raw\stanford_dogs\Images\n02109047-Great_Dane\n02109047_32692.jpg,data\images\local_dataset\splits\stanford_dogs_first_baseline\train\great_dane\n02109047-Great_Dane__n02109047_32692.jpg,data\images\local_dataset\raw\stanford_dogs\Images\n02109047-Great_Dane,n02109047_32692.jpg,true
208,Stanford Dogs / ImageNet Dogs,great_dane,Great Dane,train,data\images\local_dataset\raw\stanford_dogs\Images\n02109047-Great_Dane\n02109047_1813.jpg,data\images\local_dataset\splits\stanford_dogs_first_baseline\train\great_dane\n02109047-Great_Dane__n02109047_1813.jpg,data\images\local_dataset\raw\stanford_dogs\Images\n02109047-Great_Dane,n02109047_1813.jpg,true
209,Stanford Dogs / ImageNet Dogs,great_dane,Great Dane,train,data\images\local_dataset\raw\stanford_dogs\Images\n02109047-Great_Dane\n02109047_13730.jpg,data\images\local_dataset\splits\stanford_dogs_first_baseline\train\great_dane\n02109047-Great_Dane__n02109047_13730.jpg,data\images\local_dataset\raw\stanford_dogs\Images\n02109047-Great_Dane,n02109047_13730.jpg,true
210,Stanford Dogs / ImageNet Dogs,great_dane,Great Dane,train,data\images\local_dataset\raw\stanford_dogs\Images\n02109047-Great_Dane\n02109047_10160.jpg,data\images\local_dataset\splits\stanford_dogs_first_baseline\train\great_dane\n02109047-Great_Dane__n02109047_10160.jpg,data\images\local_dataset\raw\stanford_dogs\Images\n02109047-Great_Dane,n02109047_10160.jpg,true
211,Stanford Dogs / ImageNet Dogs,great_dane,Great Dane,train,data\images\local_dataset\raw\stanford_dogs\Images\n02109047-Great_Dane\n02109047_27131.jpg,data\images\local_dataset\splits\stanford_dogs_first_baseline\train\great_dane\n02109047-Great_Dane__n02109047_27131.jpg,data\images\local_dataset\raw\stanford_dogs\Images\n02109047-Great_Dane,n02109047_27131.jpg,true
212,Stanford Dogs / ImageNet Dogs,great_dane,Great Dane,train,data\images\local_dataset\raw\stanford_dogs\Images\n02109047-Great_Dane\n02109047_3643.jpg,data\images\local_dataset\splits\stanford_dogs_first_baseline\train\great_dane\n02109047-Great_Dane__n02109047_3643.jpg,data\images\local_dataset\raw\stanford_dogs\Images\n02109047-Great_Dane,n02109047_3643.jpg,true
213,Stanford Dogs / ImageNet Dogs,great_dane,Great Dane,train,data\images\local_dataset\raw\stanford_dogs\Images\n02109047-Great_Dane\n02109047_34093.jpg,data\images\local_dataset\splits\stanford_dogs_first_baseline\train\great_dane\n02109047-Great_Dane__n02109047_34093.jpg,data\images\local_dataset\raw\stanford_dogs\Images\n02109047-Great_Dane,n02109047_34093.jpg,true
214,Stanford Dogs / ImageNet Dogs,great_dane,Great Dane,train,data\images\local_dataset\raw\stanford_dogs\Images\n02109047-Great_Dane\n02109047_11178.jpg,data\images\local_dataset\splits\stanford_dogs_first_baseline\train\great_dane\n02109047-Great_Dane__n02109047_11178.jpg,data\images\local_dataset\raw\stanford_dogs\Images\n02109047-Great_Dane,n02109047_11178.jpg,true
215,Stanford Dogs / ImageNet Dogs,great_dane,Great Dane,train,data\images\local_dataset\raw\stanford_dogs\Images\n02109047-Great_Dane\n02109047_12085.jpg,data\images\local_dataset\splits\stanford_dogs_first_baseline\train\great_dane\n02109047-Great_Dane__n02109047_12085.jpg,data\images\local_dataset\raw\stanford_dogs\Images\n02109047-Great_Dane,n02109047_12085.jpg,true
216,Stanford Dogs / ImageNet Dogs,great_dane,Great Dane,train,data\images\local_dataset\raw\stanford_dogs\Images\n02109047-Great_Dane\n02109047_6093.jpg,data\images\local_dataset\splits\stanford_dogs_first_baseline\train\great_dane\n02109047-Great_Dane__n02109047_6093.jpg,data\images\local_dataset\raw\stanford_dogs\Images\n02109047-Great_Dane,n02109047_6093.jpg,true
217,Stanford Dogs / ImageNet Dogs,great_dane,Great Dane,validation,data\images\local_dataset\raw\stanford_dogs\Images\n02109047-Great_Dane\n02109047_23483.jpg,data\images\local_dataset\splits\stanford_dogs_first_baseline\validation\great_dane\n02109047-Great_Dane__n02109047_23483.jpg,data\images\local_dataset\raw\stanford_dogs\Images\n02109047-Great_Dane,n02109047_23483.jpg,true
218,Stanford Dogs / ImageNet Dogs,great_dane,Great Dane,validation,data\images\local_dataset\raw\stanford_dogs\Images\n02109047-Great_Dane\n02109047_34175.jpg,data\images\local_dataset\splits\stanford_dogs_first_baseline\validation\great_dane\n02109047-Great_Dane__n02109047_34175.jpg,data\images\local_dataset\raw\stanford_dogs\Images\n02109047-Great_Dane,n02109047_34175.jpg,true
219,Stanford Dogs / ImageNet Dogs,great_dane,Great Dane,validation,data\images\local_dataset\raw\stanford_dogs\Images\n02109047-Great_Dane\n02109047_20229.jpg,data\images\local_dataset\splits\stanford_dogs_first_baseline\validation\great_dane\n02109047-Great_Dane__n02109047_20229.jpg,data\images\local_dataset\raw\stanford_dogs\Images\n02109047-Great_Dane,n02109047_20229.jpg,true
220,Stanford Dogs / ImageNet Dogs,great_dane,Great Dane,validation,data\images\local_dataset\raw\stanford_dogs\Images\n02109047-Great_Dane\n02109047_34209.jpg,data\images\local_dataset\splits\stanford_dogs_first_baseline\validation\great_dane\n02109047-Great_Dane__n02109047_34209.jpg,data\images\local_dataset\raw\stanford_dogs\Images\n02109047-Great_Dane,n02109047_34209.jpg,true
221,Stanford Dogs / ImageNet Dogs,great_dane,Great Dane,validation,data\images\local_dataset\raw\stanford_dogs\Images\n02109047-Great_Dane\n02109047_1449.jpg,data\images\local_dataset\splits\stanford_dogs_first_baseline\validation\great_dane\n02109047-Great_Dane__n02109047_1449.jpg,data\images\local_dataset\raw\stanford_dogs\Images\n02109047-Great_Dane,n02109047_1449.jpg,true
222,Stanford Dogs / ImageNet Dogs,great_dane,Great Dane,validation,data\images\local_dataset\raw\stanford_dogs\Images\n02109047-Great_Dane\n02109047_7227.jpg,data\images\local_dataset\splits\stanford_dogs_first_baseline\validation\great_dane\n02109047-Great_Dane__n02109047_7227.jpg,data\images\local_dataset\raw\stanford_dogs\Images\n02109047-Great_Dane,n02109047_7227.jpg,true
223,Stanford Dogs / ImageNet Dogs,great_dane,Great Dane,validation,data\images\local_dataset\raw\stanford_dogs\Images\n02109047-Great_Dane\n02109047_6680.jpg,data\images\local_dataset\splits\stanford_dogs_first_baseline\validation\great_dane\n02109047-Great_Dane__n02109047_6680.jpg,data\images\local_dataset\raw\stanford_dogs\Images\n02109047-Great_Dane,n02109047_6680.jpg,true
224,Stanford Dogs / ImageNet Dogs,great_dane,Great Dane,validation,data\images\local_dataset\raw\stanford_dogs\Images\n02109047-Great_Dane\n02109047_25719.jpg,data\images\local_dataset\splits\stanford_dogs_first_baseline\validation\great_dane\n02109047-Great_Dane__n02109047_25719.jpg,data\images\local_dataset\raw\stanford_dogs\Images\n02109047-Great_Dane,n02109047_25719.jpg,true
225,Stanford Dogs / ImageNet Dogs,great_dane,Great Dane,validation,data\images\local_dataset\raw\stanford_dogs\Images\n02109047-Great_Dane\n02109047_941.jpg,data\images\local_dataset\splits\stanford_dogs_first_baseline\validation\great_dane\n02109047-Great_Dane__n02109047_941.jpg,data\images\local_dataset\raw\stanford_dogs\Images\n02109047-Great_Dane,n02109047_941.jpg,true
226,Stanford Dogs / ImageNet Dogs,great_dane,Great Dane,validation,data\images\local_dataset\raw\stanford_dogs\Images\n02109047-Great_Dane\n02109047_19984.jpg,data\images\local_dataset\splits\stanford_dogs_first_baseline\validation\great_dane\n02109047-Great_Dane__n02109047_19984.jpg,data\images\local_dataset\raw\stanford_dogs\Images\n02109047-Great_Dane,n02109047_19984.jpg,true
227,Stanford Dogs / ImageNet Dogs,great_dane,Great Dane,validation,data\images\local_dataset\raw\stanford_dogs\Images\n02109047-Great_Dane\n02109047_1005.jpg,data\images\local_dataset\splits\stanford_dogs_first_baseline\validation\great_dane\n02109047-Great_Dane__n02109047_1005.jpg,data\images\local_dataset\raw\stanford_dogs\Images\n02109047-Great_Dane,n02109047_1005.jpg,true
228,Stanford Dogs / ImageNet Dogs,great_dane,Great Dane,validation,data\images\local_dataset\raw\stanford_dogs\Images\n02109047-Great_Dane\n02109047_11184.jpg,data\images\local_dataset\splits\stanford_dogs_first_baseline\validation\great_dane\n02109047-Great_Dane__n02109047_11184.jpg,data\images\local_dataset\raw\stanford_dogs\Images\n02109047-Great_Dane,n02109047_11184.jpg,true
229,Stanford Dogs / ImageNet Dogs,great_dane,Great Dane,test,data\images\local_dataset\raw\stanford_dogs\Images\n02109047-Great_Dane\n02109047_17629.jpg,data\images\local_dataset\splits\stanford_dogs_first_baseline\test\great_dane\n02109047-Great_Dane__n02109047_17629.jpg,data\images\local_dataset\raw\stanford_dogs\Images\n02109047-Great_Dane,n02109047_17629.jpg,true
230,Stanford Dogs / ImageNet Dogs,great_dane,Great Dane,test,data\images\local_dataset\raw\stanford_dogs\Images\n02109047-Great_Dane\n02109047_22413.jpg,data\images\local_dataset\splits\stanford_dogs_first_baseline\test\great_dane\n02109047-Great_Dane__n02109047_22413.jpg,data\images\local_dataset\raw\stanford_dogs\Images\n02109047-Great_Dane,n02109047_22413.jpg,true
231,Stanford Dogs / ImageNet Dogs,great_dane,Great Dane,test,data\images\local_dataset\raw\stanford_dogs\Images\n02109047-Great_Dane\n02109047_1260.jpg,data\images\local_dataset\splits\stanford_dogs_first_baseline\test\great_dane\n02109047-Great_Dane__n02109047_1260.jpg,data\images\local_dataset\raw\stanford_dogs\Images\n02109047-Great_Dane,n02109047_1260.jpg,true
232,Stanford Dogs / ImageNet Dogs,great_dane,Great Dane,test,data\images\local_dataset\raw\stanford_dogs\Images\n02109047-Great_Dane\n02109047_11472.jpg,data\images\local_dataset\splits\stanford_dogs_first_baseline\test\great_dane\n02109047-Great_Dane__n02109047_11472.jpg,data\images\local_dataset\raw\stanford_dogs\Images\n02109047-Great_Dane,n02109047_11472.jpg,true
233,Stanford Dogs / ImageNet Dogs,great_dane,Great Dane,test,data\images\local_dataset\raw\stanford_dogs\Images\n02109047-Great_Dane\n02109047_1672.jpg,data\images\local_dataset\splits\stanford_dogs_first_baseline\test\great_dane\n02109047-Great_Dane__n02109047_1672.jpg,data\images\local_dataset\raw\stanford_dogs\Images\n02109047-Great_Dane,n02109047_1672.jpg,true
234,Stanford Dogs / ImageNet Dogs,great_dane,Great Dane,test,data\images\local_dataset\raw\stanford_dogs\Images\n02109047-Great_Dane\n02109047_23852.jpg,data\images\local_dataset\splits\stanford_dogs_first_baseline\test\great_dane\n02109047-Great_Dane__n02109047_23852.jpg,data\images\local_dataset\raw\stanford_dogs\Images\n02109047-Great_Dane,n02109047_23852.jpg,true
235,Stanford Dogs / ImageNet Dogs,great_dane,Great Dane,test,data\images\local_dataset\raw\stanford_dogs\Images\n02109047-Great_Dane\n02109047_34162.jpg,data\images\local_dataset\splits\stanford_dogs_first_baseline\test\great_dane\n02109047-Great_Dane__n02109047_34162.jpg,data\images\local_dataset\raw\stanford_dogs\Images\n02109047-Great_Dane,n02109047_34162.jpg,true
236,Stanford Dogs / ImageNet Dogs,great_dane,Great Dane,test,data\images\local_dataset\raw\stanford_dogs\Images\n02109047-Great_Dane\n02109047_28208.jpg,data\images\local_dataset\splits\stanford_dogs_first_baseline\test\great_dane\n02109047-Great_Dane__n02109047_28208.jpg,data\images\local_dataset\raw\stanford_dogs\Images\n02109047-Great_Dane,n02109047_28208.jpg,true
237,Stanford Dogs / ImageNet Dogs,great_dane,Great Dane,test,data\images\local_dataset\raw\stanford_dogs\Images\n02109047-Great_Dane\n02109047_5331.jpg,data\images\local_dataset\splits\stanford_dogs_first_baseline\test\great_dane\n02109047-Great_Dane__n02109047_5331.jpg,data\images\local_dataset\raw\stanford_dogs\Images\n02109047-Great_Dane,n02109047_5331.jpg,true
238,Stanford Dogs / ImageNet Dogs,great_dane,Great Dane,test,data\images\local_dataset\raw\stanford_dogs\Images\n02109047-Great_Dane\n02109047_20023.jpg,data\images\local_dataset\splits\stanford_dogs_first_baseline\test\great_dane\n02109047-Great_Dane__n02109047_20023.jpg,data\images\local_dataset\raw\stanford_dogs\Images\n02109047-Great_Dane,n02109047_20023.jpg,true
239,Stanford Dogs / ImageNet Dogs,great_dane,Great Dane,test,data\images\local_dataset\raw\stanford_dogs\Images\n02109047-Great_Dane\n02109047_13977.jpg,data\images\local_dataset\splits\stanford_dogs_first_baseline\test\great_dane\n02109047-Great_Dane__n02109047_13977.jpg,data\images\local_dataset\raw\stanford_dogs\Images\n02109047-Great_Dane,n02109047_13977.jpg,true
240,Stanford Dogs / ImageNet Dogs,great_dane,Great Dane,test,data\images\local_dataset\raw\stanford_dogs\Images\n02109047-Great_Dane\n02109047_26134.jpg,data\images\local_dataset\splits\stanford_dogs_first_baseline\test\great_dane\n02109047-Great_Dane__n02109047_26134.jpg,data\images\local_dataset\raw\stanford_dogs\Images\n02109047-Great_Dane,n02109047_26134.jpg,true
