class_slug,display_name,role,use_in_stage12,dataset_availability_status,minimum_images_for_baseline,comments
cane_corso,Cane Corso,primary_domain_target,planned_target,must_verify_from_dataset_metadata,100,Core USG/Cane Corso class. Do not claim availability until metadata is checked.
dogo_argentino,Dogo Argentino,related_molossoid_comparison,planned_target,must_verify_from_dataset_metadata,100,Important comparison class for visual similarity.
presa_canario,Presa Canario,related_molossoid_comparison,planned_target,must_verify_from_dataset_metadata,100,Important molossoid comparison class if publicly available.
great_dane,Great Dane,large_breed_comparison,planned_target,must_verify_from_dataset_metadata,100,Useful because body size and outline can confuse visual systems.
neapolitan_mastiff,Neapolitan Mastiff,italian_mastiff_type_comparison,planned_target,must_verify_from_dataset_metadata,100,"Useful historical/visual comparison, but must be dataset-supported."
bullmastiff,Bullmastiff,mastiff_type_comparison,planned_target,must_verify_from_dataset_metadata,100,Useful if present in selected public dataset.
boxer,Boxer,related_visual_confusion_class,planned_target,must_verify_from_dataset_metadata,100,Important because some historical/modern discussions mention boxer-like visual confusion.
dogue_de_bordeaux,Dogue de Bordeaux,mastiff_type_comparison,planned_target,must_verify_from_dataset_metadata,100,Useful if present and if terms allow educational use.
other_unknown,Other / Unknown,safety_rejection_class,future_required,requires_design_not_single_breed_dataset,varies,Important for responsible predictions when input does not match trained classes.
