visualization,record_id,label,x,y,source_text,interpretation_use
SVD_2D_text_notes,0,healthy,0.53127149289031,-0.03716111922791508,steady monthly weight gain strong appetite normal activity balanced growth,"Inspect whether healthy, monitor and risk notes separate in latent semantic space."
SVD_2D_text_notes,1,healthy,0.41676796910580266,-0.14567275056226922,height and weight progress consistent with age no warning signs,"Inspect whether healthy, monitor and risk notes separate in latent semantic space."
SVD_2D_text_notes,2,healthy,0.04128875835347257,0.18289887455091347,good muscle tone stable chest development regular feeding routine,"Inspect whether healthy, monitor and risk notes separate in latent semantic space."
SVD_2D_text_notes,3,healthy,0.25989964516178643,0.32713304376470737,growth curve remains within expected range energetic and active,"Inspect whether healthy, monitor and risk notes separate in latent semantic space."
SVD_2D_text_notes,4,monitor,0.44610804251538666,-0.18108371524498645,weight increased faster than height review diet and activity,"Inspect whether healthy, monitor and risk notes separate in latent semantic space."
SVD_2D_text_notes,5,monitor,0.14712457378121938,0.6343041538117578,temporary slowdown in growth check feeding schedule next month,"Inspect whether healthy, monitor and risk notes separate in latent semantic space."
SVD_2D_text_notes,6,monitor,0.12545015309854904,-0.05014803617398875,chest measurement changed quickly compare with previous records,"Inspect whether healthy, monitor and risk notes separate in latent semantic space."
SVD_2D_text_notes,7,monitor,0.14216246799579554,0.6020608861670325,mild asymmetry in growth notes requires follow up observation,"Inspect whether healthy, monitor and risk notes separate in latent semantic space."
SVD_2D_text_notes,8,risk,0.5409770929539948,-0.27065859072265624,rapid weight gain with low activity possible overweight risk,"Inspect whether healthy, monitor and risk notes separate in latent semantic space."
SVD_2D_text_notes,9,risk,0.29972938247900344,0.23484644695835322,growth stagnation and reduced appetite veterinary consultation recommended,"Inspect whether healthy, monitor and risk notes separate in latent semantic space."
SVD_2D_text_notes,10,risk,0.14823063356558525,0.17648786254434762,large deviation from expected curve repeated warning measurements,"Inspect whether healthy, monitor and risk notes separate in latent semantic space."
SVD_2D_text_notes,11,risk,0.3516119054288752,-0.1538299718980029,low weight progression and fatigue signal potential health concern,"Inspect whether healthy, monitor and risk notes separate in latent semantic space."
PCA_2D_numeric_reference,0,setosa,-2.2647028088075887,0.48002659652098995,built-in numeric reference dataset used for projection methodology,Reference visualization for how PCA separates numeric classes after scaling.
PCA_2D_numeric_reference,1,setosa,-2.0809611519657674,-0.6741335566053527,built-in numeric reference dataset used for projection methodology,Reference visualization for how PCA separates numeric classes after scaling.
PCA_2D_numeric_reference,2,setosa,-2.3642290538903006,-0.3419080238846759,built-in numeric reference dataset used for projection methodology,Reference visualization for how PCA separates numeric classes after scaling.
PCA_2D_numeric_reference,3,setosa,-2.2993842170427077,-0.5973945076746754,built-in numeric reference dataset used for projection methodology,Reference visualization for how PCA separates numeric classes after scaling.
PCA_2D_numeric_reference,4,setosa,-2.389842166313845,0.6468353829020278,built-in numeric reference dataset used for projection methodology,Reference visualization for how PCA separates numeric classes after scaling.
PCA_2D_numeric_reference,5,setosa,-2.0756309481765127,1.489177523321168,built-in numeric reference dataset used for projection methodology,Reference visualization for how PCA separates numeric classes after scaling.
PCA_2D_numeric_reference,6,setosa,-2.444028835134153,0.04764419763001466,built-in numeric reference dataset used for projection methodology,Reference visualization for how PCA separates numeric classes after scaling.
PCA_2D_numeric_reference,7,setosa,-2.232847158872015,0.22314807268959236,built-in numeric reference dataset used for projection methodology,Reference visualization for how PCA separates numeric classes after scaling.
PCA_2D_numeric_reference,8,setosa,-2.334640477907621,-1.1153276754616663,built-in numeric reference dataset used for projection methodology,Reference visualization for how PCA separates numeric classes after scaling.
PCA_2D_numeric_reference,9,setosa,-2.184328174933942,-0.46901356140237543,built-in numeric reference dataset used for projection methodology,Reference visualization for how PCA separates numeric classes after scaling.
PCA_2D_numeric_reference,10,setosa,-2.166310100701323,1.0436906530538608,built-in numeric reference dataset used for projection methodology,Reference visualization for how PCA separates numeric classes after scaling.
PCA_2D_numeric_reference,11,setosa,-2.3261308664426985,0.13307833523923207,built-in numeric reference dataset used for projection methodology,Reference visualization for how PCA separates numeric classes after scaling.
PCA_2D_numeric_reference,12,setosa,-2.218450898822409,-0.7286761653165706,built-in numeric reference dataset used for projection methodology,Reference visualization for how PCA separates numeric classes after scaling.
PCA_2D_numeric_reference,13,setosa,-2.633100695765228,-0.9615067291701629,built-in numeric reference dataset used for projection methodology,Reference visualization for how PCA separates numeric classes after scaling.
PCA_2D_numeric_reference,14,setosa,-2.198740603266691,1.860057113293933,built-in numeric reference dataset used for projection methodology,Reference visualization for how PCA separates numeric classes after scaling.
PCA_2D_numeric_reference,15,setosa,-2.262214531601023,2.686284485110594,built-in numeric reference dataset used for projection methodology,Reference visualization for how PCA separates numeric classes after scaling.
PCA_2D_numeric_reference,16,setosa,-2.2075876958245932,1.4836093631555738,built-in numeric reference dataset used for projection methodology,Reference visualization for how PCA separates numeric classes after scaling.
PCA_2D_numeric_reference,17,setosa,-2.1903495091922993,0.4888383164863283,built-in numeric reference dataset used for projection methodology,Reference visualization for how PCA separates numeric classes after scaling.
PCA_2D_numeric_reference,18,setosa,-1.8985719958028429,1.4050187944665506,built-in numeric reference dataset used for projection methodology,Reference visualization for how PCA separates numeric classes after scaling.
PCA_2D_numeric_reference,19,setosa,-2.3433690530749938,1.127849381908477,built-in numeric reference dataset used for projection methodology,Reference visualization for how PCA separates numeric classes after scaling.
PCA_2D_numeric_reference,20,setosa,-1.914322996082568,0.40885570775590696,built-in numeric reference dataset used for projection methodology,Reference visualization for how PCA separates numeric classes after scaling.
PCA_2D_numeric_reference,21,setosa,-2.207012843194799,0.9241214267468991,built-in numeric reference dataset used for projection methodology,Reference visualization for how PCA separates numeric classes after scaling.
PCA_2D_numeric_reference,22,setosa,-2.7743447029273325,0.4583436677529162,built-in numeric reference dataset used for projection methodology,Reference visualization for how PCA separates numeric classes after scaling.
PCA_2D_numeric_reference,23,setosa,-1.8186695286958494,0.08555852628736653,built-in numeric reference dataset used for projection methodology,Reference visualization for how PCA separates numeric classes after scaling.
PCA_2D_numeric_reference,24,setosa,-2.2271633057066387,0.13725445536342765,built-in numeric reference dataset used for projection methodology,Reference visualization for how PCA separates numeric classes after scaling.
PCA_2D_numeric_reference,25,setosa,-1.9518463309003757,-0.6256185877766763,built-in numeric reference dataset used for projection methodology,Reference visualization for how PCA separates numeric classes after scaling.
PCA_2D_numeric_reference,26,setosa,-2.0511513727294157,0.24216355266166764,built-in numeric reference dataset used for projection methodology,Reference visualization for how PCA separates numeric classes after scaling.
PCA_2D_numeric_reference,27,setosa,-2.168577174654217,0.5271495253082681,built-in numeric reference dataset used for projection methodology,Reference visualization for how PCA separates numeric classes after scaling.
PCA_2D_numeric_reference,28,setosa,-2.1395634513013317,0.31321781013995253,built-in numeric reference dataset used for projection methodology,Reference visualization for how PCA separates numeric classes after scaling.
PCA_2D_numeric_reference,29,setosa,-2.2652614931542403,-0.3377319037604803,built-in numeric reference dataset used for projection methodology,Reference visualization for how PCA separates numeric classes after scaling.
PCA_2D_numeric_reference,30,setosa,-2.140122135647984,-0.5045406901415181,built-in numeric reference dataset used for projection methodology,Reference visualization for how PCA separates numeric classes after scaling.
PCA_2D_numeric_reference,31,setosa,-1.8315947706760287,0.42369506760378667,built-in numeric reference dataset used for projection methodology,Reference visualization for how PCA separates numeric classes after scaling.
PCA_2D_numeric_reference,32,setosa,-2.6149479358589356,1.7935758561044297,built-in numeric reference dataset used for projection methodology,Reference visualization for how PCA separates numeric classes after scaling.
PCA_2D_numeric_reference,33,setosa,-2.446177391696516,2.1507278773929257,built-in numeric reference dataset used for projection methodology,Reference visualization for how PCA separates numeric classes after scaling.
PCA_2D_numeric_reference,34,setosa,-2.109974875318652,-0.4602018414370371,built-in numeric reference dataset used for projection methodology,Reference visualization for how PCA separates numeric classes after scaling.
PCA_2D_numeric_reference,35,setosa,-2.2078088990782656,-0.20610739768843636,built-in numeric reference dataset used for projection methodology,Reference visualization for how PCA separates numeric classes after scaling.
PCA_2D_numeric_reference,36,setosa,-2.0451462067542017,0.661558111463109,built-in numeric reference dataset used for projection methodology,Reference visualization for how PCA separates numeric classes after scaling.
PCA_2D_numeric_reference,37,setosa,-2.5273319131704866,0.5922927741908103,built-in numeric reference dataset used for projection methodology,Reference visualization for how PCA separates numeric classes after scaling.
PCA_2D_numeric_reference,38,setosa,-2.4296325750845456,-0.9041800403761479,built-in numeric reference dataset used for projection methodology,Reference visualization for how PCA separates numeric classes after scaling.
PCA_2D_numeric_reference,39,setosa,-2.169710711630664,0.26887896143547146,built-in numeric reference dataset used for projection methodology,Reference visualization for how PCA separates numeric classes after scaling.
PCA_2D_numeric_reference,40,setosa,-2.2864751433456707,0.4417153876990508,built-in numeric reference dataset used for projection methodology,Reference visualization for how PCA separates numeric classes after scaling.
PCA_2D_numeric_reference,41,setosa,-1.8581224563735703,-2.3374151575533486,built-in numeric reference dataset used for projection methodology,Reference visualization for how PCA separates numeric classes after scaling.
PCA_2D_numeric_reference,42,setosa,-2.553638395614356,-0.4791006901223138,built-in numeric reference dataset used for projection methodology,Reference visualization for how PCA separates numeric classes after scaling.
PCA_2D_numeric_reference,43,setosa,-1.964447683763741,0.47232666771926146,built-in numeric reference dataset used for projection methodology,Reference visualization for how PCA separates numeric classes after scaling.
PCA_2D_numeric_reference,44,setosa,-2.1370590058116234,1.1422292620394094,built-in numeric reference dataset used for projection methodology,Reference visualization for how PCA separates numeric classes after scaling.
PCA_2D_numeric_reference,45,setosa,-2.0697442995918296,-0.7110527253858939,built-in numeric reference dataset used for projection methodology,Reference visualization for how PCA separates numeric classes after scaling.
PCA_2D_numeric_reference,46,setosa,-2.3847331657782633,1.1204297019845373,built-in numeric reference dataset used for projection methodology,Reference visualization for how PCA separates numeric classes after scaling.
PCA_2D_numeric_reference,47,setosa,-2.394376314219633,-0.38624687258915685,built-in numeric reference dataset used for projection methodology,Reference visualization for how PCA separates numeric classes after scaling.
PCA_2D_numeric_reference,48,setosa,-2.229446547942675,0.9979597643079811,built-in numeric reference dataset used for projection methodology,Reference visualization for how PCA separates numeric classes after scaling.
PCA_2D_numeric_reference,49,setosa,-2.2038334355191305,0.00921635752127674,built-in numeric reference dataset used for projection methodology,Reference visualization for how PCA separates numeric classes after scaling.
PCA_2D_numeric_reference,50,versicolor,1.1017811830529478,0.8629724182621593,built-in numeric reference dataset used for projection methodology,Reference visualization for how PCA separates numeric classes after scaling.
PCA_2D_numeric_reference,51,versicolor,0.7313374253960876,0.5946147256694249,built-in numeric reference dataset used for projection methodology,Reference visualization for how PCA separates numeric classes after scaling.
PCA_2D_numeric_reference,52,versicolor,1.2409793195158314,0.6162976544374986,built-in numeric reference dataset used for projection methodology,Reference visualization for how PCA separates numeric classes after scaling.
PCA_2D_numeric_reference,53,versicolor,0.40748305881738645,-1.7544039893234111,built-in numeric reference dataset used for projection methodology,Reference visualization for how PCA separates numeric classes after scaling.
PCA_2D_numeric_reference,54,versicolor,1.0754747006090788,-0.2084210460509656,built-in numeric reference dataset used for projection methodology,Reference visualization for how PCA separates numeric classes after scaling.
PCA_2D_numeric_reference,55,versicolor,0.38868733653566573,-0.5932836359900756,built-in numeric reference dataset used for projection methodology,Reference visualization for how PCA separates numeric classes after scaling.
PCA_2D_numeric_reference,56,versicolor,0.746529741329161,0.7730193120985966,built-in numeric reference dataset used for projection methodology,Reference visualization for how PCA separates numeric classes after scaling.
PCA_2D_numeric_reference,57,versicolor,-0.4873227421256384,-1.852429086857575,built-in numeric reference dataset used for projection methodology,Reference visualization for how PCA separates numeric classes after scaling.
PCA_2D_numeric_reference,58,versicolor,0.9279016383549458,0.03222607789115388,built-in numeric reference dataset used for projection methodology,Reference visualization for how PCA separates numeric classes after scaling.
PCA_2D_numeric_reference,59,versicolor,0.011426188736981176,-1.0340182751294413,built-in numeric reference dataset used for projection methodology,Reference visualization for how PCA separates numeric classes after scaling.
PCA_2D_numeric_reference,60,versicolor,-0.11019628000062735,-2.6540728185365654,built-in numeric reference dataset used for projection methodology,Reference visualization for how PCA separates numeric classes after scaling.
PCA_2D_numeric_reference,61,versicolor,0.44069344898307883,-0.06329518843800157,built-in numeric reference dataset used for projection methodology,Reference visualization for how PCA separates numeric classes after scaling.
PCA_2D_numeric_reference,62,versicolor,0.5621083064431802,-1.7647243806169457,built-in numeric reference dataset used for projection methodology,Reference visualization for how PCA separates numeric classes after scaling.
PCA_2D_numeric_reference,63,versicolor,0.7195618886754972,-0.18622460583150596,built-in numeric reference dataset used for projection methodology,Reference visualization for how PCA separates numeric classes after scaling.
PCA_2D_numeric_reference,64,versicolor,-0.033354703178771684,-0.4390032099816249,built-in numeric reference dataset used for projection methodology,Reference visualization for how PCA separates numeric classes after scaling.
PCA_2D_numeric_reference,65,versicolor,0.8754071908577378,0.5090639567734088,built-in numeric reference dataset used for projection methodology,Reference visualization for how PCA separates numeric classes after scaling.
PCA_2D_numeric_reference,66,versicolor,0.35025166799508334,-0.19631173455144438,built-in numeric reference dataset used for projection methodology,Reference visualization for how PCA separates numeric classes after scaling.
PCA_2D_numeric_reference,67,versicolor,0.15881004754797204,-0.7920957424327216,built-in numeric reference dataset used for projection methodology,Reference visualization for how PCA separates numeric classes after scaling.
PCA_2D_numeric_reference,68,versicolor,1.2250936335624332,-1.6222438030915025,built-in numeric reference dataset used for projection methodology,Reference visualization for how PCA separates numeric classes after scaling.
PCA_2D_numeric_reference,69,versicolor,0.16491789938632828,-1.3026092302957732,built-in numeric reference dataset used for projection methodology,Reference visualization for how PCA separates numeric classes after scaling.
PCA_2D_numeric_reference,70,versicolor,0.7376826487712587,0.3965715619602388,built-in numeric reference dataset used for projection methodology,Reference visualization for how PCA separates numeric classes after scaling.
PCA_2D_numeric_reference,71,versicolor,0.47628719094097205,-0.417320281213551,built-in numeric reference dataset used for projection methodology,Reference visualization for how PCA separates numeric classes after scaling.
PCA_2D_numeric_reference,72,versicolor,1.2341780976571501,-0.9333257287992789,built-in numeric reference dataset used for projection methodology,Reference visualization for how PCA separates numeric classes after scaling.
PCA_2D_numeric_reference,73,versicolor,0.6328581997098226,-0.4163877208890997,built-in numeric reference dataset used for projection methodology,Reference visualization for how PCA separates numeric classes after scaling.
PCA_2D_numeric_reference,74,versicolor,0.7026611831361828,-0.06341181972480003,built-in numeric reference dataset used for projection methodology,Reference visualization for how PCA separates numeric classes after scaling.
PCA_2D_numeric_reference,75,versicolor,0.8742736538812906,0.25079339290061226,built-in numeric reference dataset used for projection methodology,Reference visualization for how PCA separates numeric classes after scaling.
PCA_2D_numeric_reference,76,versicolor,1.2565091165418842,-0.07725601969586897,built-in numeric reference dataset used for projection methodology,Reference visualization for how PCA separates numeric classes after scaling.
PCA_2D_numeric_reference,77,versicolor,1.3584051214406323,0.3313116817908981,built-in numeric reference dataset used for projection methodology,Reference visualization for how PCA separates numeric classes after scaling.
PCA_2D_numeric_reference,78,versicolor,0.6648003672253954,-0.22592785469484383,built-in numeric reference dataset used for projection methodology,Reference visualization for how PCA separates numeric classes after scaling.
PCA_2D_numeric_reference,79,versicolor,-0.040258610900594634,-1.0587185465539088,built-in numeric reference dataset used for projection methodology,Reference visualization for how PCA separates numeric classes after scaling.
PCA_2D_numeric_reference,80,versicolor,0.13079517549786174,-1.562271834209968,built-in numeric reference dataset used for projection methodology,Reference visualization for how PCA separates numeric classes after scaling.
PCA_2D_numeric_reference,81,versicolor,0.02345268897055189,-1.5724755942167048,built-in numeric reference dataset used for projection methodology,Reference visualization for how PCA separates numeric classes after scaling.
PCA_2D_numeric_reference,82,versicolor,0.24153827295451166,-0.777256382584842,built-in numeric reference dataset used for projection methodology,Reference visualization for how PCA separates numeric classes after scaling.
PCA_2D_numeric_reference,83,versicolor,1.0610946088426152,-0.6338432447349475,built-in numeric reference dataset used for projection methodology,Reference visualization for how PCA separates numeric classes after scaling.
PCA_2D_numeric_reference,84,versicolor,0.22397877351238035,-0.28777351204320273,built-in numeric reference dataset used for projection methodology,Reference visualization for how PCA separates numeric classes after scaling.
PCA_2D_numeric_reference,85,versicolor,0.42913911551616074,0.8455822409050787,built-in numeric reference dataset used for projection methodology,Reference visualization for how PCA separates numeric classes after scaling.
PCA_2D_numeric_reference,86,versicolor,1.0487280512090877,0.5220517968629428,built-in numeric reference dataset used for projection methodology,Reference visualization for how PCA separates numeric classes after scaling.
PCA_2D_numeric_reference,87,versicolor,1.0445313843962805,-1.3829887191907821,built-in numeric reference dataset used for projection methodology,Reference visualization for how PCA separates numeric classes after scaling.
PCA_2D_numeric_reference,88,versicolor,0.06958832111642342,-0.21950333464771524,built-in numeric reference dataset used for projection methodology,Reference visualization for how PCA separates numeric classes after scaling.
PCA_2D_numeric_reference,89,versicolor,0.2834772382875765,-1.329324639069577,built-in numeric reference dataset used for projection methodology,Reference visualization for how PCA separates numeric classes after scaling.
PCA_2D_numeric_reference,90,versicolor,0.27907777605546197,-1.1200285237424041,built-in numeric reference dataset used for projection methodology,Reference visualization for how PCA separates numeric classes after scaling.
PCA_2D_numeric_reference,91,versicolor,0.624569791498572,0.02492302925401254,built-in numeric reference dataset used for projection methodology,Reference visualization for how PCA separates numeric classes after scaling.
PCA_2D_numeric_reference,92,versicolor,0.33653037013143666,-0.9884040176703605,built-in numeric reference dataset used for projection methodology,Reference visualization for how PCA separates numeric classes after scaling.
PCA_2D_numeric_reference,93,versicolor,-0.362183384619382,-2.0192378732386125,built-in numeric reference dataset used for projection methodology,Reference visualization for how PCA separates numeric classes after scaling.
PCA_2D_numeric_reference,94,versicolor,0.28858623882315826,-0.8557303199870668,built-in numeric reference dataset used for projection methodology,Reference visualization for how PCA separates numeric classes after scaling.
PCA_2D_numeric_reference,95,versicolor,0.09136065565450581,-0.18119212582577546,built-in numeric reference dataset used for projection methodology,Reference visualization for how PCA separates numeric classes after scaling.
PCA_2D_numeric_reference,96,versicolor,0.22771686553470066,-0.3849200809873541,built-in numeric reference dataset used for projection methodology,Reference visualization for how PCA separates numeric classes after scaling.
PCA_2D_numeric_reference,97,versicolor,0.5763882886534792,-0.15487359721655886,built-in numeric reference dataset used for projection methodology,Reference visualization for how PCA separates numeric classes after scaling.
PCA_2D_numeric_reference,98,versicolor,-0.44766701902861067,-1.5437920343977565,built-in numeric reference dataset used for projection methodology,Reference visualization for how PCA separates numeric classes after scaling.
PCA_2D_numeric_reference,99,versicolor,0.2567305888875854,-0.5988517961556697,built-in numeric reference dataset used for projection methodology,Reference visualization for how PCA separates numeric classes after scaling.
PCA_2D_numeric_reference,100,virginica,1.8445688677230299,0.8704213123248229,built-in numeric reference dataset used for projection methodology,Reference visualization for how PCA separates numeric classes after scaling.
PCA_2D_numeric_reference,101,virginica,1.157881613205781,-0.698869862330691,built-in numeric reference dataset used for projection methodology,Reference visualization for how PCA separates numeric classes after scaling.
PCA_2D_numeric_reference,102,virginica,2.205266791075379,0.5620104770083555,built-in numeric reference dataset used for projection methodology,Reference visualization for how PCA separates numeric classes after scaling.
PCA_2D_numeric_reference,103,virginica,1.4401506638275405,-0.046987588105806936,built-in numeric reference dataset used for projection methodology,Reference visualization for how PCA separates numeric classes after scaling.
PCA_2D_numeric_reference,104,virginica,1.8678122203305385,0.29504482445701946,built-in numeric reference dataset used for projection methodology,Reference visualization for how PCA separates numeric classes after scaling.
PCA_2D_numeric_reference,105,virginica,2.7518733356662777,0.8004092010275421,built-in numeric reference dataset used for projection methodology,Reference visualization for how PCA separates numeric classes after scaling.
PCA_2D_numeric_reference,106,virginica,0.3670176878607259,-1.5615028914765068,built-in numeric reference dataset used for projection methodology,Reference visualization for how PCA separates numeric classes after scaling.
PCA_2D_numeric_reference,107,virginica,2.3024394446251977,0.4200655796427763,built-in numeric reference dataset used for projection methodology,Reference visualization for how PCA separates numeric classes after scaling.
PCA_2D_numeric_reference,108,virginica,2.006686467676607,-0.7114386535471595,built-in numeric reference dataset used for projection methodology,Reference visualization for how PCA separates numeric classes after scaling.
PCA_2D_numeric_reference,109,virginica,2.2597773490125004,1.921010376459887,built-in numeric reference dataset used for projection methodology,Reference visualization for how PCA separates numeric classes after scaling.
PCA_2D_numeric_reference,110,virginica,1.3641754921860083,0.692756454490387,built-in numeric reference dataset used for projection methodology,Reference visualization for how PCA separates numeric classes after scaling.
PCA_2D_numeric_reference,111,virginica,1.6026786704779317,-0.42170044977261756,built-in numeric reference dataset used for projection methodology,Reference visualization for how PCA separates numeric classes after scaling.
PCA_2D_numeric_reference,112,virginica,1.8839007017032434,0.4192496506051234,built-in numeric reference dataset used for projection methodology,Reference visualization for how PCA separates numeric classes after scaling.
PCA_2D_numeric_reference,113,virginica,1.2601150991975092,-1.1622604214064645,built-in numeric reference dataset used for projection methodology,Reference visualization for how PCA separates numeric classes after scaling.
PCA_2D_numeric_reference,114,virginica,1.4676452010173253,-0.4422715873770831,built-in numeric reference dataset used for projection methodology,Reference visualization for how PCA separates numeric classes after scaling.
PCA_2D_numeric_reference,115,virginica,1.5900773176145666,0.67624480572332,built-in numeric reference dataset used for projection methodology,Reference visualization for how PCA separates numeric classes after scaling.
PCA_2D_numeric_reference,116,virginica,1.471431461133319,0.2556218244714703,built-in numeric reference dataset used for projection methodology,Reference visualization for how PCA separates numeric classes after scaling.
PCA_2D_numeric_reference,117,virginica,2.4263289873157006,2.556661250795493,built-in numeric reference dataset used for projection methodology,Reference visualization for how PCA separates numeric classes after scaling.
PCA_2D_numeric_reference,118,virginica,3.310695583933889,0.017780949320626623,built-in numeric reference dataset used for projection methodology,Reference visualization for how PCA separates numeric classes after scaling.
PCA_2D_numeric_reference,119,virginica,1.2637666736398299,-1.7067453803762687,built-in numeric reference dataset used for projection methodology,Reference visualization for how PCA separates numeric classes after scaling.
PCA_2D_numeric_reference,120,virginica,2.0377163014694055,0.9104674096183109,built-in numeric reference dataset used for projection methodology,Reference visualization for how PCA separates numeric classes after scaling.
PCA_2D_numeric_reference,121,virginica,0.9779807342494228,-0.5717643248129924,built-in numeric reference dataset used for projection methodology,Reference visualization for how PCA separates numeric classes after scaling.
PCA_2D_numeric_reference,122,virginica,2.89765149073417,0.4136410595956475,built-in numeric reference dataset used for projection methodology,Reference visualization for how PCA separates numeric classes after scaling.
PCA_2D_numeric_reference,123,virginica,1.33323217597321,-0.48181121864942966,built-in numeric reference dataset used for projection methodology,Reference visualization for how PCA separates numeric classes after scaling.
PCA_2D_numeric_reference,124,virginica,1.7007338974912176,1.0139218673227914,built-in numeric reference dataset used for projection methodology,Reference visualization for how PCA separates numeric classes after scaling.
PCA_2D_numeric_reference,125,virginica,1.9543267058530716,1.0077775961534525,built-in numeric reference dataset used for projection methodology,Reference visualization for how PCA separates numeric classes after scaling.
PCA_2D_numeric_reference,126,virginica,1.1751036315549335,-0.31639447230979134,built-in numeric reference dataset used for projection methodology,Reference visualization for how PCA separates numeric classes after scaling.
PCA_2D_numeric_reference,127,virginica,1.0209505506957919,0.0643460292395616,built-in numeric reference dataset used for projection methodology,Reference visualization for how PCA separates numeric classes after scaling.
PCA_2D_numeric_reference,128,virginica,1.7883499201796669,-0.18736121459082922,built-in numeric reference dataset used for projection methodology,Reference visualization for how PCA separates numeric classes after scaling.
PCA_2D_numeric_reference,129,virginica,1.8636475533282617,0.5622907258861446,built-in numeric reference dataset used for projection methodology,Reference visualization for how PCA separates numeric classes after scaling.
PCA_2D_numeric_reference,130,virginica,2.4359537279227044,0.2592844331442802,built-in numeric reference dataset used for projection methodology,Reference visualization for how PCA separates numeric classes after scaling.
PCA_2D_numeric_reference,131,virginica,2.3049277218317643,2.6263234682323793,built-in numeric reference dataset used for projection methodology,Reference visualization for how PCA separates numeric classes after scaling.
PCA_2D_numeric_reference,132,virginica,1.862703219794957,-0.17854949462549083,built-in numeric reference dataset used for projection methodology,Reference visualization for how PCA separates numeric classes after scaling.
PCA_2D_numeric_reference,133,virginica,1.1141477406864755,-0.2929226233357317,built-in numeric reference dataset used for projection methodology,Reference visualization for how PCA separates numeric classes after scaling.
PCA_2D_numeric_reference,134,virginica,1.2024733016783922,-0.8113152708396694,built-in numeric reference dataset used for projection methodology,Reference visualization for how PCA separates numeric classes after scaling.
PCA_2D_numeric_reference,135,virginica,2.7987704475781086,0.8568033294971055,built-in numeric reference dataset used for projection methodology,Reference visualization for how PCA separates numeric classes after scaling.
PCA_2D_numeric_reference,136,virginica,1.5762559101947546,1.0685811073208074,built-in numeric reference dataset used for projection methodology,Reference visualization for how PCA separates numeric classes after scaling.
PCA_2D_numeric_reference,137,virginica,1.3462921036270625,0.4224306108525082,built-in numeric reference dataset used for projection methodology,Reference visualization for how PCA separates numeric classes after scaling.
PCA_2D_numeric_reference,138,virginica,0.92482491654242,0.017223100452283896,built-in numeric reference dataset used for projection methodology,Reference visualization for how PCA separates numeric classes after scaling.
PCA_2D_numeric_reference,139,virginica,1.8520450517676708,0.6761281744365215,built-in numeric reference dataset used for projection methodology,Reference visualization for how PCA separates numeric classes after scaling.
PCA_2D_numeric_reference,140,virginica,2.0148104299548764,0.6138856369235748,built-in numeric reference dataset used for projection methodology,Reference visualization for how PCA separates numeric classes after scaling.
PCA_2D_numeric_reference,141,virginica,1.90178409026219,0.6895754942430027,built-in numeric reference dataset used for projection methodology,Reference visualization for how PCA separates numeric classes after scaling.
PCA_2D_numeric_reference,142,virginica,1.157881613205781,-0.698869862330691,built-in numeric reference dataset used for projection methodology,Reference visualization for how PCA separates numeric classes after scaling.
PCA_2D_numeric_reference,143,virginica,2.0405582280520935,0.8675206009552283,built-in numeric reference dataset used for projection methodology,Reference visualization for how PCA separates numeric classes after scaling.
PCA_2D_numeric_reference,144,virginica,1.9981470959523768,1.0491687471841449,built-in numeric reference dataset used for projection methodology,Reference visualization for how PCA separates numeric classes after scaling.
PCA_2D_numeric_reference,145,virginica,1.8705032929564116,0.3869660816657254,built-in numeric reference dataset used for projection methodology,Reference visualization for how PCA separates numeric classes after scaling.
PCA_2D_numeric_reference,146,virginica,1.5645804830303294,-0.8966868088965267,built-in numeric reference dataset used for projection methodology,Reference visualization for how PCA separates numeric classes after scaling.
PCA_2D_numeric_reference,147,virginica,1.5211704996278386,0.2690691442779515,built-in numeric reference dataset used for projection methodology,Reference visualization for how PCA separates numeric classes after scaling.
PCA_2D_numeric_reference,148,virginica,1.3727877895140734,1.0112544185267927,built-in numeric reference dataset used for projection methodology,Reference visualization for how PCA separates numeric classes after scaling.
PCA_2D_numeric_reference,149,virginica,0.9606560300371286,-0.02433166816939971,built-in numeric reference dataset used for projection methodology,Reference visualization for how PCA separates numeric classes after scaling.
Isomap_2D_numeric_reference,0,setosa,5.205122853718061,-0.1612739764034693,built-in numeric reference dataset used for manifold methodology,Reference visualization for local neighborhood geometry; useful but not production preprocessing.
Isomap_2D_numeric_reference,1,setosa,3.993635806045287,-0.0863695598131081,built-in numeric reference dataset used for manifold methodology,Reference visualization for local neighborhood geometry; useful but not production preprocessing.
Isomap_2D_numeric_reference,2,setosa,4.348610220539304,-0.08491565363728014,built-in numeric reference dataset used for manifold methodology,Reference visualization for local neighborhood geometry; useful but not production preprocessing.
Isomap_2D_numeric_reference,3,setosa,4.055820690516954,-0.06434203869304173,built-in numeric reference dataset used for manifold methodology,Reference visualization for local neighborhood geometry; useful but not production preprocessing.
Isomap_2D_numeric_reference,4,setosa,5.4637320293725615,-0.17194705833190932,built-in numeric reference dataset used for manifold methodology,Reference visualization for local neighborhood geometry; useful but not production preprocessing.
Isomap_2D_numeric_reference,5,setosa,6.5560163951693236,-0.21273237972017314,built-in numeric reference dataset used for manifold methodology,Reference visualization for local neighborhood geometry; useful but not production preprocessing.
Isomap_2D_numeric_reference,6,setosa,4.783126833008951,-0.10576249597517835,built-in numeric reference dataset used for manifold methodology,Reference visualization for local neighborhood geometry; useful but not production preprocessing.
Isomap_2D_numeric_reference,7,setosa,4.93987002326926,-0.14990686989937532,built-in numeric reference dataset used for manifold methodology,Reference visualization for local neighborhood geometry; useful but not production preprocessing.
Isomap_2D_numeric_reference,8,setosa,3.517952668946076,-0.028484900636758684,built-in numeric reference dataset used for manifold methodology,Reference visualization for local neighborhood geometry; useful but not production preprocessing.
Isomap_2D_numeric_reference,9,setosa,4.242903351367682,-0.09580617316414443,built-in numeric reference dataset used for manifold methodology,Reference visualization for local neighborhood geometry; useful but not production preprocessing.
Isomap_2D_numeric_reference,10,setosa,6.01071048030871,-0.19005689394493858,built-in numeric reference dataset used for manifold methodology,Reference visualization for local neighborhood geometry; useful but not production preprocessing.
Isomap_2D_numeric_reference,11,setosa,5.0326837942467835,-0.1278539967208913,built-in numeric reference dataset used for manifold methodology,Reference visualization for local neighborhood geometry; useful but not production preprocessing.
Isomap_2D_numeric_reference,12,setosa,4.05749439280657,-0.06886209386876854,built-in numeric reference dataset used for manifold methodology,Reference visualization for local neighborhood geometry; useful but not production preprocessing.
Isomap_2D_numeric_reference,13,setosa,3.806232709705333,0.005759356718016101,built-in numeric reference dataset used for manifold methodology,Reference visualization for local neighborhood geometry; useful but not production preprocessing.
Isomap_2D_numeric_reference,14,setosa,7.011566000305685,-0.2261699870564494,built-in numeric reference dataset used for manifold methodology,Reference visualization for local neighborhood geometry; useful but not production preprocessing.
Isomap_2D_numeric_reference,15,setosa,7.750251095153477,-0.258037094733651,built-in numeric reference dataset used for manifold methodology,Reference visualization for local neighborhood geometry; useful but not production preprocessing.
Isomap_2D_numeric_reference,16,setosa,6.550282547835574,-0.21288161402196276,built-in numeric reference dataset used for manifold methodology,Reference visualization for local neighborhood geometry; useful but not production preprocessing.
Isomap_2D_numeric_reference,17,setosa,5.235341325632847,-0.1589224376394829,built-in numeric reference dataset used for manifold methodology,Reference visualization for local neighborhood geometry; useful but not production preprocessing.
Isomap_2D_numeric_reference,18,setosa,6.443395001093161,-0.20063548171529386,built-in numeric reference dataset used for manifold methodology,Reference visualization for local neighborhood geometry; useful but not production preprocessing.
Isomap_2D_numeric_reference,19,setosa,6.096499283419006,-0.19529309868367656,built-in numeric reference dataset used for manifold methodology,Reference visualization for local neighborhood geometry; useful but not production preprocessing.
Isomap_2D_numeric_reference,20,setosa,5.295089898643836,-0.12839779151736197,built-in numeric reference dataset used for manifold methodology,Reference visualization for local neighborhood geometry; useful but not production preprocessing.
Isomap_2D_numeric_reference,21,setosa,5.834125834929058,-0.18550229195195153,built-in numeric reference dataset used for manifold methodology,Reference visualization for local neighborhood geometry; useful but not production preprocessing.
Isomap_2D_numeric_reference,22,setosa,5.315622767703977,-0.13222549307280024,built-in numeric reference dataset used for manifold methodology,Reference visualization for local neighborhood geometry; useful but not production preprocessing.
Isomap_2D_numeric_reference,23,setosa,5.117072747580591,-0.12629531730173418,built-in numeric reference dataset used for manifold methodology,Reference visualization for local neighborhood geometry; useful but not production preprocessing.
Isomap_2D_numeric_reference,24,setosa,5.1757646817544725,-0.11796313512548376,built-in numeric reference dataset used for manifold methodology,Reference visualization for local neighborhood geometry; useful but not production preprocessing.
Isomap_2D_numeric_reference,25,setosa,4.090325716918956,-0.06936881992277266,built-in numeric reference dataset used for manifold methodology,Reference visualization for local neighborhood geometry; useful but not production preprocessing.
Isomap_2D_numeric_reference,26,setosa,5.191672674808958,-0.14313333747271145,built-in numeric reference dataset used for manifold methodology,Reference visualization for local neighborhood geometry; useful but not production preprocessing.
Isomap_2D_numeric_reference,27,setosa,5.22188986532163,-0.1558713278080194,built-in numeric reference dataset used for manifold methodology,Reference visualization for local neighborhood geometry; useful but not production preprocessing.
Isomap_2D_numeric_reference,28,setosa,5.029998925844685,-0.14724416993367306,built-in numeric reference dataset used for manifold methodology,Reference visualization for local neighborhood geometry; useful but not production preprocessing.
Isomap_2D_numeric_reference,29,setosa,4.307121622125266,-0.06030356689911915,built-in numeric reference dataset used for manifold methodology,Reference visualization for local neighborhood geometry; useful but not production preprocessing.
Isomap_2D_numeric_reference,30,setosa,4.112954750413067,-0.09941948105864118,built-in numeric reference dataset used for manifold methodology,Reference visualization for local neighborhood geometry; useful but not production preprocessing.
Isomap_2D_numeric_reference,31,setosa,5.352371819602655,-0.12224106187668621,built-in numeric reference dataset used for manifold methodology,Reference visualization for local neighborhood geometry; useful but not production preprocessing.
Isomap_2D_numeric_reference,32,setosa,6.834693367662858,-0.21994809709700788,built-in numeric reference dataset used for manifold methodology,Reference visualization for local neighborhood geometry; useful but not production preprocessing.
Isomap_2D_numeric_reference,33,setosa,7.2876924006966375,-0.24112213247227818,built-in numeric reference dataset used for manifold methodology,Reference visualization for local neighborhood geometry; useful but not production preprocessing.
Isomap_2D_numeric_reference,34,setosa,4.132754381379682,-0.1117137479840627,built-in numeric reference dataset used for manifold methodology,Reference visualization for local neighborhood geometry; useful but not production preprocessing.
Isomap_2D_numeric_reference,35,setosa,4.444941609377094,-0.12651274238837742,built-in numeric reference dataset used for manifold methodology,Reference visualization for local neighborhood geometry; useful but not production preprocessing.
Isomap_2D_numeric_reference,36,setosa,5.423533911991323,-0.12517806443192073,built-in numeric reference dataset used for manifold methodology,Reference visualization for local neighborhood geometry; useful but not production preprocessing.
Isomap_2D_numeric_reference,37,setosa,5.552218624492741,-0.16358802829364327,built-in numeric reference dataset used for manifold methodology,Reference visualization for local neighborhood geometry; useful but not production preprocessing.
Isomap_2D_numeric_reference,38,setosa,3.7373386836067586,-0.030040743630883077,built-in numeric reference dataset used for manifold methodology,Reference visualization for local neighborhood geometry; useful but not production preprocessing.
Isomap_2D_numeric_reference,39,setosa,4.968772030314296,-0.1510556956019173,built-in numeric reference dataset used for manifold methodology,Reference visualization for local neighborhood geometry; useful but not production preprocessing.
Isomap_2D_numeric_reference,40,setosa,5.225199340175117,-0.16011989162842044,built-in numeric reference dataset used for manifold methodology,Reference visualization for local neighborhood geometry; useful but not production preprocessing.
Isomap_2D_numeric_reference,41,setosa,2.1654561372675554,-0.013071036051552883,built-in numeric reference dataset used for manifold methodology,Reference visualization for local neighborhood geometry; useful but not production preprocessing.
Isomap_2D_numeric_reference,42,setosa,4.183818983278118,-0.03527796969514223,built-in numeric reference dataset used for manifold methodology,Reference visualization for local neighborhood geometry; useful but not production preprocessing.
Isomap_2D_numeric_reference,43,setosa,5.54124132217487,-0.15923109344939754,built-in numeric reference dataset used for manifold methodology,Reference visualization for local neighborhood geometry; useful but not production preprocessing.
Isomap_2D_numeric_reference,44,setosa,6.151790361843785,-0.1948416753346163,built-in numeric reference dataset used for manifold methodology,Reference visualization for local neighborhood geometry; useful but not production preprocessing.
Isomap_2D_numeric_reference,45,setosa,3.832727105044024,-0.09666132524289742,built-in numeric reference dataset used for manifold methodology,Reference visualization for local neighborhood geometry; useful but not production preprocessing.
Isomap_2D_numeric_reference,46,setosa,6.18291762284344,-0.19668163572062325,built-in numeric reference dataset used for manifold methodology,Reference visualization for local neighborhood geometry; useful but not production preprocessing.
Isomap_2D_numeric_reference,47,setosa,4.290188187161453,-0.07113810421246722,built-in numeric reference dataset used for manifold methodology,Reference visualization for local neighborhood geometry; useful but not production preprocessing.
Isomap_2D_numeric_reference,48,setosa,5.892231924446662,-0.18704652845998432,built-in numeric reference dataset used for manifold methodology,Reference visualization for local neighborhood geometry; useful but not production preprocessing.
Isomap_2D_numeric_reference,49,setosa,4.702872356538669,-0.1392105176485284,built-in numeric reference dataset used for manifold methodology,Reference visualization for local neighborhood geometry; useful but not production preprocessing.
Isomap_2D_numeric_reference,50,versicolor,-2.8673735881675033,-0.9065047589652108,built-in numeric reference dataset used for manifold methodology,Reference visualization for local neighborhood geometry; useful but not production preprocessing.
Isomap_2D_numeric_reference,51,versicolor,-2.662452793106347,-0.6017695748570352,built-in numeric reference dataset used for manifold methodology,Reference visualization for local neighborhood geometry; useful but not production preprocessing.
Isomap_2D_numeric_reference,52,versicolor,-2.772323836872225,-0.9897653402800393,built-in numeric reference dataset used for manifold methodology,Reference visualization for local neighborhood geometry; useful but not production preprocessing.
Isomap_2D_numeric_reference,53,versicolor,-0.36365915275806004,0.8989754845833186,built-in numeric reference dataset used for manifold methodology,Reference visualization for local neighborhood geometry; useful but not production preprocessing.
Isomap_2D_numeric_reference,54,versicolor,-2.267237304999593,0.028120089044152627,built-in numeric reference dataset used for manifold methodology,Reference visualization for local neighborhood geometry; useful but not production preprocessing.
Isomap_2D_numeric_reference,55,versicolor,-1.3921997475914223,0.24205716158949184,built-in numeric reference dataset used for manifold methodology,Reference visualization for local neighborhood geometry; useful but not production preprocessing.
Isomap_2D_numeric_reference,56,versicolor,-2.9630897421638345,-0.44761442423387837,built-in numeric reference dataset used for manifold methodology,Reference visualization for local neighborhood geometry; useful but not production preprocessing.
Isomap_2D_numeric_reference,57,versicolor,0.6123603938052965,0.08357230907534183,built-in numeric reference dataset used for manifold methodology,Reference visualization for local neighborhood geometry; useful but not production preprocessing.
Isomap_2D_numeric_reference,58,versicolor,-2.1818975939601395,-0.41378563878467634,built-in numeric reference dataset used for manifold methodology,Reference visualization for local neighborhood geometry; useful but not production preprocessing.
Isomap_2D_numeric_reference,59,versicolor,-0.9116464657248625,0.6866467992901159,built-in numeric reference dataset used for manifold methodology,Reference visualization for local neighborhood geometry; useful but not production preprocessing.
Isomap_2D_numeric_reference,60,versicolor,0.30839954839876693,1.016828955520305,built-in numeric reference dataset used for manifold methodology,Reference visualization for local neighborhood geometry; useful but not production preprocessing.
Isomap_2D_numeric_reference,61,versicolor,-1.9082813789537094,0.1579996791164177,built-in numeric reference dataset used for manifold methodology,Reference visualization for local neighborhood geometry; useful but not production preprocessing.
Isomap_2D_numeric_reference,62,versicolor,-0.6471966352971018,1.4080478393437355,built-in numeric reference dataset used for manifold methodology,Reference visualization for local neighborhood geometry; useful but not production preprocessing.
Isomap_2D_numeric_reference,63,versicolor,-2.020768703587642,0.14927234711439122,built-in numeric reference dataset used for manifold methodology,Reference visualization for local neighborhood geometry; useful but not production preprocessing.
Isomap_2D_numeric_reference,64,versicolor,-1.3692388470678467,0.4692305299189641,built-in numeric reference dataset used for manifold methodology,Reference visualization for local neighborhood geometry; useful but not production preprocessing.
Isomap_2D_numeric_reference,65,versicolor,-2.509083989017207,-0.7933642515546324,built-in numeric reference dataset used for manifold methodology,Reference visualization for local neighborhood geometry; useful but not production preprocessing.
Isomap_2D_numeric_reference,66,versicolor,-1.792022284360033,0.3929651682044323,built-in numeric reference dataset used for manifold methodology,Reference visualization for local neighborhood geometry; useful but not production preprocessing.
Isomap_2D_numeric_reference,67,versicolor,-0.9850611356034586,0.0024852120342120252,built-in numeric reference dataset used for manifold methodology,Reference visualization for local neighborhood geometry; useful but not production preprocessing.
Isomap_2D_numeric_reference,68,versicolor,-1.425484032804023,1.236340112642582,built-in numeric reference dataset used for manifold methodology,Reference visualization for local neighborhood geometry; useful but not production preprocessing.
Isomap_2D_numeric_reference,69,versicolor,-0.42342763494203545,-0.03421956394729975,built-in numeric reference dataset used for manifold methodology,Reference visualization for local neighborhood geometry; useful but not production preprocessing.
Isomap_2D_numeric_reference,70,versicolor,-2.78402133698725,0.38916432444469756,built-in numeric reference dataset used for manifold methodology,Reference visualization for local neighborhood geometry; useful but not production preprocessing.
Isomap_2D_numeric_reference,71,versicolor,-1.4774927962429587,-0.2793765396964045,built-in numeric reference dataset used for manifold methodology,Reference visualization for local neighborhood geometry; useful but not production preprocessing.
Isomap_2D_numeric_reference,72,versicolor,-1.9755052432119364,1.0008015644150225,built-in numeric reference dataset used for manifold methodology,Reference visualization for local neighborhood geometry; useful but not production preprocessing.
Isomap_2D_numeric_reference,73,versicolor,-1.8190302131210276,0.04889981117338677,built-in numeric reference dataset used for manifold methodology,Reference visualization for local neighborhood geometry; useful but not production preprocessing.
Isomap_2D_numeric_reference,74,versicolor,-1.9243624747567978,-0.458033299686145,built-in numeric reference dataset used for manifold methodology,Reference visualization for local neighborhood geometry; useful but not production preprocessing.
Isomap_2D_numeric_reference,75,versicolor,-2.2768258981964027,-0.6681497939884987,built-in numeric reference dataset used for manifold methodology,Reference visualization for local neighborhood geometry; useful but not production preprocessing.
Isomap_2D_numeric_reference,76,versicolor,-2.47505382559191,-0.20035090500663114,built-in numeric reference dataset used for manifold methodology,Reference visualization for local neighborhood geometry; useful but not production preprocessing.
Isomap_2D_numeric_reference,77,versicolor,-2.972305070267942,-0.6235132968229968,built-in numeric reference dataset used for manifold methodology,Reference visualization for local neighborhood geometry; useful but not production preprocessing.
Isomap_2D_numeric_reference,78,versicolor,-1.9031125269701092,0.12608787005445043,built-in numeric reference dataset used for manifold methodology,Reference visualization for local neighborhood geometry; useful but not production preprocessing.
Isomap_2D_numeric_reference,79,versicolor,-0.6320452087047944,-0.1244382416096045,built-in numeric reference dataset used for manifold methodology,Reference visualization for local neighborhood geometry; useful but not production preprocessing.
Isomap_2D_numeric_reference,80,versicolor,-0.16149114249612206,0.08334264633274466,built-in numeric reference dataset used for manifold methodology,Reference visualization for local neighborhood geometry; useful but not production preprocessing.
Isomap_2D_numeric_reference,81,versicolor,-0.12352219962617217,0.08118235110088808,built-in numeric reference dataset used for manifold methodology,Reference visualization for local neighborhood geometry; useful but not production preprocessing.
Isomap_2D_numeric_reference,82,versicolor,-1.02431041523816,-0.18375107935272386,built-in numeric reference dataset used for manifold methodology,Reference visualization for local neighborhood geometry; useful but not production preprocessing.
Isomap_2D_numeric_reference,83,versicolor,-2.5815353804957506,1.246564946012079,built-in numeric reference dataset used for manifold methodology,Reference visualization for local neighborhood geometry; useful but not production preprocessing.
Isomap_2D_numeric_reference,84,versicolor,-1.8313638216492656,0.5813264577179746,built-in numeric reference dataset used for manifold methodology,Reference visualization for local neighborhood geometry; useful but not production preprocessing.
Isomap_2D_numeric_reference,85,versicolor,-2.818326021978499,-0.08342221059147845,built-in numeric reference dataset used for manifold methodology,Reference visualization for local neighborhood geometry; useful but not production preprocessing.
Isomap_2D_numeric_reference,86,versicolor,-2.5972386620246106,-0.8436957000039458,built-in numeric reference dataset used for manifold methodology,Reference visualization for local neighborhood geometry; useful but not production preprocessing.
Isomap_2D_numeric_reference,87,versicolor,-1.3279825662574967,1.2259927082850164,built-in numeric reference dataset used for manifold methodology,Reference visualization for local neighborhood geometry; useful but not production preprocessing.
Isomap_2D_numeric_reference,88,versicolor,-1.6620576732384742,0.3793242198984501,built-in numeric reference dataset used for manifold methodology,Reference visualization for local neighborhood geometry; useful but not production preprocessing.
Isomap_2D_numeric_reference,89,versicolor,-0.47784145289277524,0.2011453045641391,built-in numeric reference dataset used for manifold methodology,Reference visualization for local neighborhood geometry; useful but not production preprocessing.
Isomap_2D_numeric_reference,90,versicolor,-0.7785800289231755,0.20904385657823568,built-in numeric reference dataset used for manifold methodology,Reference visualization for local neighborhood geometry; useful but not production preprocessing.
Isomap_2D_numeric_reference,91,versicolor,-2.0710185803178462,-0.025169993382383488,built-in numeric reference dataset used for manifold methodology,Reference visualization for local neighborhood geometry; useful but not production preprocessing.
Isomap_2D_numeric_reference,92,versicolor,-0.7890869631108797,-0.09593980618606952,built-in numeric reference dataset used for manifold methodology,Reference visualization for local neighborhood geometry; useful but not production preprocessing.
Isomap_2D_numeric_reference,93,versicolor,0.5649027087480958,0.0677925200211651,built-in numeric reference dataset used for manifold methodology,Reference visualization for local neighborhood geometry; useful but not production preprocessing.
Isomap_2D_numeric_reference,94,versicolor,-1.086034045427949,0.21043511686630406,built-in numeric reference dataset used for manifold methodology,Reference visualization for local neighborhood geometry; useful but not production preprocessing.
Isomap_2D_numeric_reference,95,versicolor,-1.657883954167985,0.37898893242098164,built-in numeric reference dataset used for manifold methodology,Reference visualization for local neighborhood geometry; useful but not production preprocessing.
Isomap_2D_numeric_reference,96,versicolor,-1.4564826297556976,0.25222407338811603,built-in numeric reference dataset used for manifold methodology,Reference visualization for local neighborhood geometry; useful but not production preprocessing.
Isomap_2D_numeric_reference,97,versicolor,-1.7781229963657974,-0.2709286563597141,built-in numeric reference dataset used for manifold methodology,Reference visualization for local neighborhood geometry; useful but not production preprocessing.
Isomap_2D_numeric_reference,98,versicolor,0.2890986714704875,0.256848395062453,built-in numeric reference dataset used for manifold methodology,Reference visualization for local neighborhood geometry; useful but not production preprocessing.
Isomap_2D_numeric_reference,99,versicolor,-1.2502122402360123,0.27959430954347364,built-in numeric reference dataset used for manifold methodology,Reference visualization for local neighborhood geometry; useful but not production preprocessing.
Isomap_2D_numeric_reference,100,virginica,-4.577555635017839,-0.4382091748240433,built-in numeric reference dataset used for manifold methodology,Reference visualization for local neighborhood geometry; useful but not production preprocessing.
Isomap_2D_numeric_reference,101,virginica,-2.7935303538469123,1.7410422021089207,built-in numeric reference dataset used for manifold methodology,Reference visualization for local neighborhood geometry; useful but not production preprocessing.
Isomap_2D_numeric_reference,102,virginica,-4.131760860889112,-0.6282937907714877,built-in numeric reference dataset used for manifold methodology,Reference visualization for local neighborhood geometry; useful but not production preprocessing.
Isomap_2D_numeric_reference,103,virginica,-3.0408098212747343,0.054933823525286155,built-in numeric reference dataset used for manifold methodology,Reference visualization for local neighborhood geometry; useful but not production preprocessing.
Isomap_2D_numeric_reference,104,virginica,-3.8901035196445664,0.25427743555434434,built-in numeric reference dataset used for manifold methodology,Reference visualization for local neighborhood geometry; useful but not production preprocessing.
Isomap_2D_numeric_reference,105,virginica,-4.451827257687995,-1.2017763774960086,built-in numeric reference dataset used for manifold methodology,Reference visualization for local neighborhood geometry; useful but not production preprocessing.
Isomap_2D_numeric_reference,106,virginica,-1.0446257665044303,2.010324498979749,built-in numeric reference dataset used for manifold methodology,Reference visualization for local neighborhood geometry; useful but not production preprocessing.
Isomap_2D_numeric_reference,107,virginica,-3.84978931783977,-1.4142935534379155,built-in numeric reference dataset used for manifold methodology,Reference visualization for local neighborhood geometry; useful but not production preprocessing.
Isomap_2D_numeric_reference,108,virginica,-2.7448306936914473,0.9507375057187899,built-in numeric reference dataset used for manifold methodology,Reference visualization for local neighborhood geometry; useful but not production preprocessing.
Isomap_2D_numeric_reference,109,virginica,-5.186726464871376,-0.5217689495619834,built-in numeric reference dataset used for manifold methodology,Reference visualization for local neighborhood geometry; useful but not production preprocessing.
Isomap_2D_numeric_reference,110,virginica,-3.654571350744475,-0.2557591641675463,built-in numeric reference dataset used for manifold methodology,Reference visualization for local neighborhood geometry; useful but not production preprocessing.
Isomap_2D_numeric_reference,111,virginica,-2.9418239074130264,0.7404750303323843,built-in numeric reference dataset used for manifold methodology,Reference visualization for local neighborhood geometry; useful but not production preprocessing.
Isomap_2D_numeric_reference,112,virginica,-3.896897548551662,-0.2584150379997142,built-in numeric reference dataset used for manifold methodology,Reference visualization for local neighborhood geometry; useful but not production preprocessing.
Isomap_2D_numeric_reference,113,virginica,-2.2639457969528642,1.6346897756160306,built-in numeric reference dataset used for manifold methodology,Reference visualization for local neighborhood geometry; useful but not production preprocessing.
Isomap_2D_numeric_reference,114,virginica,-3.555400886606687,1.4650064674826626,built-in numeric reference dataset used for manifold methodology,Reference visualization for local neighborhood geometry; useful but not production preprocessing.
Isomap_2D_numeric_reference,115,virginica,-4.050701333370703,-0.25343330156217697,built-in numeric reference dataset used for manifold methodology,Reference visualization for local neighborhood geometry; useful but not production preprocessing.
Isomap_2D_numeric_reference,116,virginica,-3.3869232159701586,-0.22203123751582454,built-in numeric reference dataset used for manifold methodology,Reference visualization for local neighborhood geometry; useful but not production preprocessing.
Isomap_2D_numeric_reference,117,virginica,-5.527473937825021,-1.3441639020320977,built-in numeric reference dataset used for manifold methodology,Reference visualization for local neighborhood geometry; useful but not production preprocessing.
Isomap_2D_numeric_reference,118,virginica,-4.8353729893612565,-1.7239961234615788,built-in numeric reference dataset used for manifold methodology,Reference visualization for local neighborhood geometry; useful but not production preprocessing.
Isomap_2D_numeric_reference,119,virginica,-1.1751497495383556,1.3477590230837218,built-in numeric reference dataset used for manifold methodology,Reference visualization for local neighborhood geometry; useful but not production preprocessing.
Isomap_2D_numeric_reference,120,virginica,-4.565154770368241,-0.13512649237288926,built-in numeric reference dataset used for manifold methodology,Reference visualization for local neighborhood geometry; useful but not production preprocessing.
Isomap_2D_numeric_reference,121,virginica,-2.9516330706061473,1.5750845963638054,built-in numeric reference dataset used for manifold methodology,Reference visualization for local neighborhood geometry; useful but not production preprocessing.
Isomap_2D_numeric_reference,122,virginica,-4.4081464144422515,-1.6570461001663674,built-in numeric reference dataset used for manifold methodology,Reference visualization for local neighborhood geometry; useful but not production preprocessing.
Isomap_2D_numeric_reference,123,virginica,-2.644714755628733,0.8145989888047241,built-in numeric reference dataset used for manifold methodology,Reference visualization for local neighborhood geometry; useful but not production preprocessing.
Isomap_2D_numeric_reference,124,virginica,-4.142759694101861,-0.5542542054655664,built-in numeric reference dataset used for manifold methodology,Reference visualization for local neighborhood geometry; useful but not production preprocessing.
Isomap_2D_numeric_reference,125,virginica,-3.9431533036452646,-1.3491427384464167,built-in numeric reference dataset used for manifold methodology,Reference visualization for local neighborhood geometry; useful but not production preprocessing.
Isomap_2D_numeric_reference,126,virginica,-2.8256005751074316,1.095208960452733,built-in numeric reference dataset used for manifold methodology,Reference visualization for local neighborhood geometry; useful but not production preprocessing.
Isomap_2D_numeric_reference,127,virginica,-2.5118865718617585,0.33639548211822135,built-in numeric reference dataset used for manifold methodology,Reference visualization for local neighborhood geometry; useful but not production preprocessing.
Isomap_2D_numeric_reference,128,virginica,-3.356769404463426,0.5471220936066856,built-in numeric reference dataset used for manifold methodology,Reference visualization for local neighborhood geometry; useful but not production preprocessing.
Isomap_2D_numeric_reference,129,virginica,-3.394190239440871,-1.4932584541239806,built-in numeric reference dataset used for manifold methodology,Reference visualization for local neighborhood geometry; useful but not production preprocessing.
Isomap_2D_numeric_reference,130,virginica,-4.043363692964679,-1.365310657888106,built-in numeric reference dataset used for manifold methodology,Reference visualization for local neighborhood geometry; useful but not production preprocessing.
Isomap_2D_numeric_reference,131,virginica,-5.492054822077112,-1.9452876823625624,built-in numeric reference dataset used for manifold methodology,Reference visualization for local neighborhood geometry; useful but not production preprocessing.
Isomap_2D_numeric_reference,132,virginica,-3.4494688558560225,0.5614155472971875,built-in numeric reference dataset used for manifold methodology,Reference visualization for local neighborhood geometry; useful but not production preprocessing.
Isomap_2D_numeric_reference,133,virginica,-2.390600286885665,0.6752932384701748,built-in numeric reference dataset used for manifold methodology,Reference visualization for local neighborhood geometry; useful but not production preprocessing.
Isomap_2D_numeric_reference,134,virginica,-2.420617661963734,1.3046410733734761,built-in numeric reference dataset used for manifold methodology,Reference visualization for local neighborhood geometry; useful but not production preprocessing.
Isomap_2D_numeric_reference,135,virginica,-4.708513463061993,-0.9838145313113051,built-in numeric reference dataset used for manifold methodology,Reference visualization for local neighborhood geometry; useful but not production preprocessing.
Isomap_2D_numeric_reference,136,virginica,-4.550652600519584,-0.4222434576944779,built-in numeric reference dataset used for manifold methodology,Reference visualization for local neighborhood geometry; useful but not production preprocessing.
Isomap_2D_numeric_reference,137,virginica,-3.510201465424538,-0.1854012244512185,built-in numeric reference dataset used for manifold methodology,Reference visualization for local neighborhood geometry; useful but not production preprocessing.
Isomap_2D_numeric_reference,138,virginica,-2.3747267099857345,0.3499336674355556,built-in numeric reference dataset used for manifold methodology,Reference visualization for local neighborhood geometry; useful but not production preprocessing.
Isomap_2D_numeric_reference,139,virginica,-4.159222250703549,-0.35014919059451427,built-in numeric reference dataset used for manifold methodology,Reference visualization for local neighborhood geometry; useful but not production preprocessing.
Isomap_2D_numeric_reference,140,virginica,-4.287432271254064,0.13948571942331167,built-in numeric reference dataset used for manifold methodology,Reference visualization for local neighborhood geometry; useful but not production preprocessing.
Isomap_2D_numeric_reference,141,virginica,-4.257858452027961,-0.259831201988277,built-in numeric reference dataset used for manifold methodology,Reference visualization for local neighborhood geometry; useful but not production preprocessing.
Isomap_2D_numeric_reference,142,virginica,-2.7935303538469123,1.7410422021089218,built-in numeric reference dataset used for manifold methodology,Reference visualization for local neighborhood geometry; useful but not production preprocessing.
Isomap_2D_numeric_reference,143,virginica,-4.563381892009409,-0.04179365356033403,built-in numeric reference dataset used for manifold methodology,Reference visualization for local neighborhood geometry; useful but not production preprocessing.
Isomap_2D_numeric_reference,144,virginica,-4.694265489277852,-0.015784716764849282,built-in numeric reference dataset used for manifold methodology,Reference visualization for local neighborhood geometry; useful but not production preprocessing.
Isomap_2D_numeric_reference,145,virginica,-3.9282929526962165,-0.15818257110345854,built-in numeric reference dataset used for manifold methodology,Reference visualization for local neighborhood geometry; useful but not production preprocessing.
Isomap_2D_numeric_reference,146,virginica,-2.440307765911615,0.9297945973911939,built-in numeric reference dataset used for manifold methodology,Reference visualization for local neighborhood geometry; useful but not production preprocessing.
Isomap_2D_numeric_reference,147,virginica,-3.481446992190241,-0.11485532039507039,built-in numeric reference dataset used for manifold methodology,Reference visualization for local neighborhood geometry; useful but not production preprocessing.
Isomap_2D_numeric_reference,148,virginica,-4.543333332007546,-0.3552810585848438,built-in numeric reference dataset used for manifold methodology,Reference visualization for local neighborhood geometry; useful but not production preprocessing.
Isomap_2D_numeric_reference,149,virginica,-2.4620177276618684,0.3370331920353528,built-in numeric reference dataset used for manifold methodology,Reference visualization for local neighborhood geometry; useful but not production preprocessing.
